9.800000000000000000e+01,6.305370000000000141e-01,6.433999999999999615e-03,4.780000000000000000e+02,-6.265260000000000273e-01,-1.311000000000000099e-03,5.400000000000000000e+01,3.891229640000000245e+02,1.387740000000000085e-01,-4.700000000000000000e+01,-5.045238000000000334e+00,1.073449999999999960e-01,9.600000000000000000e+01,-7.611766199999999571e+01,-7.928920000000000412e-01,4.700000000000000000e+01,5.045238000000000334e+00,1.073449999999999960e-01,3.537203600000000137e+01,1.340403689999999983e+02,1.974057284100000106e+04,4.605233975000000100e+03,0.000000000000000000e+00,7.161496785999999702e+03,1.165931460000000044e+02,5.312769399999999820e+01,1.631000000000000071e-03,-2.059000000000000066e-03,5.155988999999999933e+00,6.265260000000000273e-01,1.215139999999999970e-01,-2.300000000000000000e+01,3.210000000000000000e+02,5.760000000000000000e+02,7.900000000000000000e+01,6.061619999999999786e-01,7.673000000000000133e-03,5.020000000000000000e+02,-6.008869999999999489e-01,-1.196999999999999930e-03,4.500000000000000000e+01,6.097312869999999521e+02,7.380299999999999361e-02,-4.400000000000000000e+01,2.873574000000000073e+00,-6.530900000000000594e-02,5.300000000000000000e+01,-2.755323470000000157e+02,-5.198724000000000345e+00,4.400000000000000000e+01,-2.873574000000000073e+00,-6.530900000000000594e-02,2.676176099999999991e+01,1.398115740000000073e+02,1.678223126399999819e+04,1.767132368999999926e+03,0.000000000000000000e+00,2.751095600000000104e+03,1.092108779999999939e+02,5.792079100000000125e+01,-5.029999999999999749e-04,-2.028999999999999988e-03,5.157068999999999903e+00,6.032319999999999904e-01,1.169720000000000065e-01,4.000000000000000000e+00,3.310000000000000000e+02,5.810000000000000000e+02,8.000000000000000000e+00,1.600000000000000000e+01,2.200000000000000000e+01,0.000000000000000000e+00,0.000000000000000000e+00,8.400000000000000000e+01,1.400000000000000000e+02,1.020000000000000000e+02,3.800000000000000000e+01
9.800000000000000000e+01,6.321590000000000265e-01,6.451000000000000137e-03,4.860000000000000000e+02,-6.261759999999999549e-01,-1.288000000000000082e-03,5.400000000000000000e+01,3.891229640000000245e+02,1.387740000000000085e-01,-4.700000000000000000e+01,-5.045238000000000334e+00,1.073449999999999960e-01,9.600000000000000000e+01,-7.611766199999999571e+01,-7.928920000000000412e-01,4.700000000000000000e+01,5.045238000000000334e+00,1.073449999999999960e-01,3.545234399999999653e+01,1.357873649999999941e+02,1.974057284100000106e+04,4.605233975000000100e+03,0.000000000000000000e+00,7.161496785999999702e+03,1.171377399999999938e+02,5.472464300000000037e+01,1.647999999999999942e-03,-2.041999999999999978e-03,5.156519000000000297e+00,6.286779999999999591e-01,1.219189999999999996e-01,-2.300000000000000000e+01,3.290000000000000000e+02,5.840000000000000000e+02,7.900000000000000000e+01,6.069109999999999783e-01,7.681999999999999593e-03,5.020000000000000000e+02,-5.961290000000000200e-01,-1.188000000000000037e-03,4.500000000000000000e+01,6.597352640000000292e+02,6.820900000000000574e-02,-4.300000000000000000e+01,3.350182999999999911e+00,-7.791099999999999415e-02,5.200000000000000000e+01,-3.304457400000000007e+02,-6.354726000000000319e+00,4.300000000000000000e+01,-3.350182999999999911e+00,-7.791099999999999415e-02,2.679171200000000042e+01,1.386149479999999983e+02,1.804564740700000038e+04,3.468328758999999991e+03,0.000000000000000000e+00,2.460361805000000004e+03,1.097686949999999939e+02,5.715435099999999835e+01,-4.939999999999999730e-04,-2.015999999999999997e-03,5.157397999999999705e+00,6.043079999999999563e-01,1.171729999999999994e-01,4.000000000000000000e+00,3.300000000000000000e+02,5.810000000000000000e+02,8.000000000000000000e+00,1.700000000000000000e+01,2.200000000000000000e+01,0.000000000000000000e+00,0.000000000000000000e+00,8.800000000000000000e+01,1.390000000000000000e+02,1.050000000000000000e+02,3.400000000000000000e+01
9.800000000000000000e+01,6.321590000000000265e-01,6.451000000000000137e-03,4.860000000000000000e+02,-6.261759999999999549e-01,-1.288000000000000082e-03,5.400000000000000000e+01,3.891229640000000245e+02,1.387740000000000085e-01,-4.700000000000000000e+01,-5.045238000000000334e+00,1.073449999999999960e-01,9.600000000000000000e+01,-7.611766199999999571e+01,-7.928920000000000412e-01,4.700000000000000000e+01,5.045238000000000334e+00,1.073449999999999960e-01,3.545234399999999653e+01,1.357873649999999941e+02,1.974057284100000106e+04,4.605233975000000100e+03,0.000000000000000000e+00,7.161496785999999702e+03,1.171377399999999938e+02,5.472464300000000037e+01,1.647999999999999942e-03,-2.041999999999999978e-03,5.156519000000000297e+00,6.286779999999999591e-01,1.219189999999999996e-01,-2.300000000000000000e+01,3.290000000000000000e+02,5.840000000000000000e+02,7.900000000000000000e+01,6.069109999999999783e-01,7.681999999999999593e-03,5.020000000000000000e+02,-5.961290000000000200e-01,-1.188000000000000037e-03,4.500000000000000000e+01,6.638133430000000317e+02,6.779000000000000303e-02,-4.300000000000000000e+01,2.648092999999999808e+00,-6.158399999999999985e-02,5.400000000000000000e+01,-2.989755819999999744e+02,-5.536584999999999646e+00,4.300000000000000000e+01,-2.648092999999999808e+00,-6.158399999999999985e-02,2.679171200000000042e+01,1.386149479999999983e+02,1.788796577999999863e+04,1.465259747000000061e+03,0.000000000000000000e+00,2.836272844999999961e+03,1.095106289999999944e+02,5.740314999999999657e+01,-4.330000000000000081e-04,-2.018999999999999961e-03,5.157026000000000110e+00,6.039369999999999461e-01,1.171090000000000048e-01,3.000000000000000000e+00,3.310000000000000000e+02,5.810000000000000000e+02,7.000000000000000000e+00,1.600000000000000000e+01,2.100000000000000000e+01,0.000000000000000000e+00,0.000000000000000000e+00,8.600000000000000000e+01,1.420000000000000000e+02,1.040000000000000000e+02,3.800000000000000000e+01
9.800000000000000000e+01,6.321590000000000265e-01,6.451000000000000137e-03,4.860000000000000000e+02,-6.261759999999999549e-01,-1.288000000000000082e-03,5.400000000000000000e+01,3.891229640000000245e+02,1.387740000000000085e-01,-4.700000000000000000e+01,-5.045238000000000334e+00,1.073449999999999960e-01,9.600000000000000000e+01,-7.611766199999999571e+01,-7.928920000000000412e-01,4.700000000000000000e+01,5.045238000000000334e+00,1.073449999999999960e-01,3.545234399999999653e+01,1.357873649999999941e+02,1.974057284100000106e+04,4.605233975000000100e+03,0.000000000000000000e+00,7.161496785999999702e+03,1.171377399999999938e+02,5.472464300000000037e+01,1.647999999999999942e-03,-2.041999999999999978e-03,5.156519000000000297e+00,6.286779999999999591e-01,1.219189999999999996e-01,-2.300000000000000000e+01,3.290000000000000000e+02,5.840000000000000000e+02,7.900000000000000000e+01,6.069109999999999783e-01,7.681999999999999593e-03,5.020000000000000000e+02,-5.961290000000000200e-01,-1.188000000000000037e-03,4.500000000000000000e+01,6.638133430000000317e+02,6.779000000000000303e-02,-4.300000000000000000e+01,2.648092999999999808e+00,-6.158399999999999985e-02,5.400000000000000000e+01,-2.989755819999999744e+02,-5.536584999999999646e+00,4.300000000000000000e+01,-2.648092999999999808e+00,-6.158399999999999985e-02,2.679171200000000042e+01,1.386149479999999983e+02,1.788796577999999863e+04,1.465259747000000061e+03,0.000000000000000000e+00,2.836272844999999961e+03,1.095106289999999944e+02,5.740314999999999657e+01,-4.330000000000000081e-04,-2.018999999999999961e-03,5.157026000000000110e+00,6.039369999999999461e-01,1.171090000000000048e-01,3.000000000000000000e+00,3.310000000000000000e+02,5.810000000000000000e+02,7.000000000000000000e+00,1.600000000000000000e+01,2.100000000000000000e+01,0.000000000000000000e+00,0.000000000000000000e+00,8.400000000000000000e+01,1.380000000000000000e+02,1.020000000000000000e+02,3.600000000000000000e+01
9.500000000000000000e+01,5.494390000000000107e-01,5.784000000000000079e-03,5.080000000000000000e+02,-5.553609999999999935e-01,-1.093000000000000005e-03,6.300000000000000000e+01,-3.005409000000000219e+00,-2.096220399999999984e+01,5.200000000000000000e+01,5.305787999999999727e+00,1.020339999999999997e-01,7.000000000000000000e+01,-1.641275600000000168e+01,-2.344680000000000097e-01,5.800000000000000000e+01,7.655579999999999607e-01,1.319900000000000066e-02,2.792722699999999847e+01,1.413323860000000138e+02,-6.565501809999999523e+02,6.695830439999999726e+02,5.702310233000000153e+03,5.460451890000000503e+02,1.056365019999999930e+02,6.238964800000000110e+01,-3.566334999999999965e-06,-1.376000000000000053e-03,5.165181999999999718e+00,5.546210000000000306e-01,1.073770000000000002e-01,1.000000000000000000e+00,3.400000000000000000e+02,6.030000000000000000e+02,8.300000000000000000e+01,6.927280000000000104e-01,8.345999999999999253e-03,5.210000000000000000e+02,-6.852829999999999755e-01,-1.314999999999999980e-03,5.900000000000000000e+01,-1.164841400000000071e+01,-5.065066999999999986e+00,5.100000000000000000e+01,7.259134999999999671e+00,1.423359999999999903e-01,6.000000000000000000e+01,-4.497933700000000101e+01,-7.496559999999999890e-01,5.400000000000000000e+01,9.839710000000000401e-01,1.822199999999999862e-02,2.999375200000000063e+01,2.007821260000000052e+02,-1.323315131999999949e+03,2.167159517000000051e+03,7.933392748000000211e+03,6.828442169999999578e+02,1.430573200000000043e+02,8.882323200000000440e+01,-6.049999999999999606e-04,-1.307000000000000002e-03,5.153830000000000133e+00,6.865580000000000016e-01,1.332129999999999981e-01,7.000000000000000000e+00,3.420000000000000000e+02,6.040000000000000000e+02,8.000000000000000000e+00,1.000000000000000000e+01,7.000000000000000000e+00,0.000000000000000000e+00,0.000000000000000000e+00,8.600000000000000000e+01,1.360000000000000000e+02,1.020000000000000000e+02,3.400000000000000000e+01
9.500000000000000000e+01,5.494390000000000107e-01,5.784000000000000079e-03,5.080000000000000000e+02,-5.553609999999999935e-01,-1.093000000000000005e-03,6.300000000000000000e+01,-3.005409000000000219e+00,-2.096220399999999984e+01,5.200000000000000000e+01,5.305787999999999727e+00,1.020339999999999997e-01,7.000000000000000000e+01,-1.641275600000000168e+01,-2.344680000000000097e-01,5.800000000000000000e+01,7.655579999999999607e-01,1.319900000000000066e-02,2.792722699999999847e+01,1.413323860000000138e+02,-6.565501809999999523e+02,6.695830439999999726e+02,5.702310233000000153e+03,5.460451890000000503e+02,1.056365019999999930e+02,6.238964800000000110e+01,-3.566334999999999965e-06,-1.376000000000000053e-03,5.165181999999999718e+00,5.546210000000000306e-01,1.073770000000000002e-01,1.000000000000000000e+00,3.400000000000000000e+02,6.030000000000000000e+02,8.300000000000000000e+01,6.927280000000000104e-01,8.345999999999999253e-03,5.210000000000000000e+02,-6.852829999999999755e-01,-1.314999999999999980e-03,5.900000000000000000e+01,-1.164696900000000035e+01,-5.065695999999999977e+00,5.100000000000000000e+01,7.259165000000000312e+00,1.423369999999999913e-01,6.000000000000000000e+01,-4.497597700000000032e+01,-7.496000000000000441e-01,5.400000000000000000e+01,9.839560000000000528e-01,1.822100000000000108e-02,2.999375200000000063e+01,2.007821260000000052e+02,-1.323029882999999927e+03,2.167156148000000030e+03,7.933316176000000269e+03,6.827985919999999851e+02,1.430573200000000043e+02,8.882323200000000440e+01,-6.049999999999999606e-04,-1.307000000000000002e-03,5.153762999999999650e+00,6.864909999999999624e-01,1.332019999999999871e-01,7.000000000000000000e+00,3.420000000000000000e+02,6.040000000000000000e+02,7.000000000000000000e+00,9.000000000000000000e+00,6.000000000000000000e+00,0.000000000000000000e+00,0.000000000000000000e+00,9.000000000000000000e+01,1.300000000000000000e+02,1.030000000000000000e+02,2.700000000000000000e+01
9.500000000000000000e+01,5.494390000000000107e-01,5.784000000000000079e-03,5.080000000000000000e+02,-5.553609999999999935e-01,-1.093000000000000005e-03,6.300000000000000000e+01,-3.005409000000000219e+00,-2.096220399999999984e+01,5.200000000000000000e+01,5.305787999999999727e+00,1.020339999999999997e-01,7.000000000000000000e+01,-1.641275600000000168e+01,-2.344680000000000097e-01,5.800000000000000000e+01,7.655579999999999607e-01,1.319900000000000066e-02,2.792722699999999847e+01,1.413323860000000138e+02,-6.565501809999999523e+02,6.695830439999999726e+02,5.702310233000000153e+03,5.460451890000000503e+02,1.056365019999999930e+02,6.238964800000000110e+01,-3.566334999999999965e-06,-1.376000000000000053e-03,5.165181999999999718e+00,5.546210000000000306e-01,1.073770000000000002e-01,1.000000000000000000e+00,3.400000000000000000e+02,6.030000000000000000e+02,8.300000000000000000e+01,6.927280000000000104e-01,8.345999999999999253e-03,5.210000000000000000e+02,-6.852829999999999755e-01,-1.314999999999999980e-03,5.900000000000000000e+01,-1.164696900000000035e+01,-5.065695999999999977e+00,5.100000000000000000e+01,7.259165000000000312e+00,1.423369999999999913e-01,6.000000000000000000e+01,-4.497597700000000032e+01,-7.496000000000000441e-01,5.400000000000000000e+01,9.839560000000000528e-01,1.822100000000000108e-02,2.999375200000000063e+01,2.007821260000000052e+02,-1.323029882999999927e+03,2.167156148000000030e+03,7.933316176000000269e+03,6.827985919999999851e+02,1.430573200000000043e+02,8.882323200000000440e+01,-6.049999999999999606e-04,-1.307000000000000002e-03,5.153762999999999650e+00,6.864909999999999624e-01,1.332019999999999871e-01,7.000000000000000000e+00,3.420000000000000000e+02,6.040000000000000000e+02,7.000000000000000000e+00,9.000000000000000000e+00,6.000000000000000000e+00,0.000000000000000000e+00,0.000000000000000000e+00,9.100000000000000000e+01,1.400000000000000000e+02,1.070000000000000000e+02,3.300000000000000000e+01
8.800000000000000000e+01,4.797930000000000250e-01,5.452000000000000249e-03,5.050000000000000000e+02,-4.900729999999999809e-01,-9.700000000000000505e-04,6.400000000000000000e+01,-9.135497000000000867e+00,-7.005639000000000394e+00,5.300000000000000000e+01,4.809942999999999635e+00,9.075400000000000134e-02,6.600000000000000000e+01,-9.380632000000000303e+00,-1.421310000000000073e-01,5.800000000000000000e+01,1.937570000000000126e-01,3.340999999999999786e-03,2.161261500000000169e+01,1.116233589999999936e+02,-4.714578030000000126e+02,7.615192899999999554e+02,5.176292707999999948e+03,-9.224631000000000469e+00,1.263876649999999984e+02,1.854753000000000096e+00,-2.380000000000000117e-04,-1.044000000000000006e-03,5.170279999999999987e+00,4.900729999999999809e-01,9.478699999999999626e-02,8.000000000000000000e+00,6.500000000000000000e+01,5.930000000000000000e+02,8.200000000000000000e+01,7.455140000000000100e-01,9.091999999999999388e-03,5.170000000000000000e+02,-7.473999999999999533e-01,-1.446000000000000020e-03,6.100000000000000000e+01,-1.222968299999999964e+01,-4.987864000000000075e+00,-5.600000000000000000e+01,-4.587999999999999856e-01,8.193000000000000629e-03,6.200000000000000000e+01,-2.407356899999999911e+01,-3.882829999999999893e-01,5.600000000000000000e+01,4.587999999999999856e-01,8.193000000000000629e-03,3.132181299999999879e+01,1.879095299999999895e+02,-8.230122939999999971e+02,1.474690233999999919e+03,0.000000000000000000e+00,1.407076810000000080e+02,1.402227010000000007e+02,7.831172300000000064e+01,-1.074000000000000085e-03,-2.050999999999999872e-03,5.161885999999999974e+00,7.473999999999999533e-01,1.447920000000000040e-01,1.000000000000000000e+01,3.410000000000000000e+02,5.990000000000000000e+02,8.000000000000000000e+00,9.000000000000000000e+00,2.760000000000000000e+02,0.000000000000000000e+00,0.000000000000000000e+00,8.700000000000000000e+01,1.410000000000000000e+02,1.050000000000000000e+02,3.600000000000000000e+01
9.500000000000000000e+01,5.497760000000000424e-01,5.786999999999999610e-03,5.080000000000000000e+02,-5.535569999999999657e-01,-1.090000000000000040e-03,6.300000000000000000e+01,-3.005409000000000219e+00,-2.096220399999999984e+01,5.200000000000000000e+01,5.305787999999999727e+00,1.020339999999999997e-01,7.000000000000000000e+01,-1.641275600000000168e+01,-2.344680000000000097e-01,5.800000000000000000e+01,7.655579999999999607e-01,1.319900000000000066e-02,2.794342200000000176e+01,1.408732329999999990e+02,-6.565501809999999523e+02,6.695830439999999726e+02,5.702310233000000153e+03,5.460451890000000503e+02,1.057607320000000044e+02,6.218497800000000097e+01,-1.488254000000000060e-08,-1.373000000000000088e-03,5.162990999999999886e+00,5.527670000000000083e-01,1.070630000000000054e-01,1.000000000000000000e+00,3.400000000000000000e+02,6.030000000000000000e+02,8.300000000000000000e+01,6.923540000000000250e-01,8.342000000000000456e-03,5.200000000000000000e+02,-6.873169999999999558e-01,-1.322000000000000041e-03,5.900000000000000000e+01,-1.164841400000000071e+01,-5.065066999999999986e+00,5.100000000000000000e+01,7.259134999999999671e+00,1.423359999999999903e-01,6.000000000000000000e+01,-4.497933700000000101e+01,-7.496559999999999890e-01,5.400000000000000000e+01,9.839710000000000401e-01,1.822199999999999862e-02,2.997804899999999861e+01,2.012316449999999861e+02,-1.323315131999999949e+03,2.167159517000000051e+03,7.933392748000000211e+03,6.828442169999999578e+02,1.429009419999999864e+02,8.897920399999999574e+01,-6.089999999999999494e-04,-1.312000000000000015e-03,5.156635999999999775e+00,6.889899999999999913e-01,1.336120000000000085e-01,7.000000000000000000e+00,3.410000000000000000e+02,6.030000000000000000e+02,8.000000000000000000e+00,1.000000000000000000e+01,7.000000000000000000e+00,0.000000000000000000e+00,0.000000000000000000e+00,8.800000000000000000e+01,1.380000000000000000e+02,1.040000000000000000e+02,3.400000000000000000e+01
1.030000000000000000e+02,4.913790000000000102e-01,4.771000000000000067e-03,4.860000000000000000e+02,-4.923100000000000254e-01,-1.013000000000000012e-03,6.400000000000000000e+01,-6.431669000000000302e+00,-9.950760000000000716e+00,5.200000000000000000e+01,4.514018000000000086e+00,8.680799999999999628e-02,7.000000000000000000e+01,-3.466562999999999839e+00,-4.952199999999999658e-02,5.800000000000000000e+01,9.854739999999999611e-01,1.699099999999999916e-02,2.885089299999999923e+01,1.227287309999999962e+02,-2.692225789999999961e+02,4.349916349999999738e+02,4.845401471000000129e+03,8.031267249999999649e+02,9.609719499999999925e+01,5.513679400000000186e+01,1.879999999999999890e-04,-1.270999999999999994e-03,5.160929999999999573e+00,4.923100000000000254e-01,9.539200000000000457e-02,-8.000000000000000000e+00,3.300000000000000000e+02,5.890000000000000000e+02,8.500000000000000000e+01,6.656750000000000167e-01,7.830999999999999420e-03,5.090000000000000000e+02,-6.690559999999999841e-01,-1.314000000000000064e-03,6.100000000000000000e+01,-5.193336999999999648e+00,-1.174582099999999940e+01,5.200000000000000000e+01,6.642318999999999640e+00,1.277369999999999894e-01,6.500000000000000000e+01,-2.895062000000000069e+01,-4.453940000000000121e-01,5.600000000000000000e+01,7.729679999999999884e-01,1.380299999999999930e-02,2.962362500000000054e+01,1.551499750000000120e+02,-8.260149259999999458e+02,1.396037941000000046e+03,7.243901764000000185e+03,5.082864240000000109e+02,1.206790550000000053e+02,6.315342299999999653e+01,-6.089999999999999494e-04,-2.057999999999999934e-03,5.163155999999999857e+00,6.688309999999999533e-01,1.295389999999999875e-01,7.000000000000000000e+00,3.370000000000000000e+02,5.940000000000000000e+02,9.000000000000000000e+00,1.100000000000000000e+01,1.000000000000000000e+01,0.000000000000000000e+00,0.000000000000000000e+00,8.400000000000000000e+01,1.350000000000000000e+02,1.010000000000000000e+02,3.400000000000000000e+01
1.030000000000000000e+02,4.913790000000000102e-01,4.771000000000000067e-03,4.860000000000000000e+02,-4.923100000000000254e-01,-1.013000000000000012e-03,6.400000000000000000e+01,-6.431669000000000302e+00,-9.950760000000000716e+00,5.200000000000000000e+01,4.514018000000000086e+00,8.680799999999999628e-02,7.000000000000000000e+01,-3.466562999999999839e+00,-4.952199999999999658e-02,5.800000000000000000e+01,9.854739999999999611e-01,1.699099999999999916e-02,2.885089299999999923e+01,1.227287309999999962e+02,-2.692225789999999961e+02,4.349916349999999738e+02,4.845401471000000129e+03,8.031267249999999649e+02,9.609719499999999925e+01,5.513679400000000186e+01,1.879999999999999890e-04,-1.270999999999999994e-03,5.160929999999999573e+00,4.923100000000000254e-01,9.539200000000000457e-02,-8.000000000000000000e+00,3.300000000000000000e+02,5.890000000000000000e+02,8.500000000000000000e+01,6.656750000000000167e-01,7.830999999999999420e-03,5.090000000000000000e+02,-6.690559999999999841e-01,-1.314000000000000064e-03,6.100000000000000000e+01,-5.193336999999999648e+00,-1.174582099999999940e+01,5.200000000000000000e+01,6.642318999999999640e+00,1.277369999999999894e-01,6.500000000000000000e+01,-2.895062000000000069e+01,-4.453940000000000121e-01,5.600000000000000000e+01,7.729679999999999884e-01,1.380299999999999930e-02,2.962362500000000054e+01,1.551499750000000120e+02,-8.260149259999999458e+02,1.396037941000000046e+03,7.243901764000000185e+03,5.082864240000000109e+02,1.206790550000000053e+02,6.315342299999999653e+01,-6.089999999999999494e-04,-2.057999999999999934e-03,5.163230999999999682e+00,6.689060000000000006e-01,1.295520000000000005e-01,7.000000000000000000e+00,3.370000000000000000e+02,5.940000000000000000e+02,8.000000000000000000e+00,1.000000000000000000e+01,9.000000000000000000e+00,0.000000000000000000e+00,0.000000000000000000e+00,8.600000000000000000e+01,1.330000000000000000e+02,1.010000000000000000e+02,3.200000000000000000e+01
1.030000000000000000e+02,4.913790000000000102e-01,4.771000000000000067e-03,4.860000000000000000e+02,-4.923100000000000254e-01,-1.013000000000000012e-03,6.400000000000000000e+01,-6.431669000000000302e+00,-9.950760000000000716e+00,5.200000000000000000e+01,4.514018000000000086e+00,8.680799999999999628e-02,7.000000000000000000e+01,-3.466562999999999839e+00,-4.952199999999999658e-02,5.800000000000000000e+01,9.854739999999999611e-01,1.699099999999999916e-02,2.885089299999999923e+01,1.227287309999999962e+02,-2.692225789999999961e+02,4.349916349999999738e+02,4.845401471000000129e+03,8.031267249999999649e+02,9.609719499999999925e+01,5.513679400000000186e+01,1.879999999999999890e-04,-1.270999999999999994e-03,5.160929999999999573e+00,4.923100000000000254e-01,9.539200000000000457e-02,-8.000000000000000000e+00,3.300000000000000000e+02,5.890000000000000000e+02,8.500000000000000000e+01,6.656750000000000167e-01,7.830999999999999420e-03,5.090000000000000000e+02,-6.690559999999999841e-01,-1.314000000000000064e-03,6.100000000000000000e+01,-5.193336999999999648e+00,-1.174582099999999940e+01,5.200000000000000000e+01,6.642318999999999640e+00,1.277369999999999894e-01,6.500000000000000000e+01,-2.895062000000000069e+01,-4.453940000000000121e-01,5.600000000000000000e+01,7.729679999999999884e-01,1.380299999999999930e-02,2.962362500000000054e+01,1.551499750000000120e+02,-8.260149259999999458e+02,1.396037941000000046e+03,7.243901764000000185e+03,5.082864240000000109e+02,1.206790550000000053e+02,6.315342299999999653e+01,-6.089999999999999494e-04,-2.057999999999999934e-03,5.163155999999999857e+00,6.688309999999999533e-01,1.295389999999999875e-01,7.000000000000000000e+00,3.370000000000000000e+02,5.940000000000000000e+02,9.000000000000000000e+00,1.100000000000000000e+01,1.000000000000000000e+01,0.000000000000000000e+00,0.000000000000000000e+00,8.400000000000000000e+01,1.320000000000000000e+02,1.000000000000000000e+02,3.200000000000000000e+01
1.820000000000000000e+02,4.105880000000000085e-01,2.256000000000000193e-03,4.220000000000000000e+02,-4.140360000000000151e-01,-9.810000000000001011e-04,6.100000000000000000e+01,-7.288884000000000363e+00,-8.368907999999999348e+00,-5.700000000000000000e+01,-8.928549999999999542e-01,1.566400000000000084e-02,6.500000000000000000e+01,-6.379977000000000231e+00,-9.815300000000000413e-02,5.700000000000000000e+01,8.928549999999999542e-01,1.566400000000000084e-02,5.560609300000000133e+01,8.985673800000000710e+01,-5.885847820000000183e+02,3.176004310000000146e+02,0.000000000000000000e+00,8.122799099999999726e+02,7.852204899999999554e+01,6.663482500000000641e+01,2.410000000000000033e-04,-1.485999999999999908e-03,5.162434000000000189e+00,4.130220000000000002e-01,8.000500000000000667e-02,-9.000000000000000000e+01,3.610000000000000000e+02,6.040000000000000000e+02,8.300000000000000000e+01,7.601580000000000004e-01,9.159000000000000474e-03,5.250000000000000000e+02,-7.649470000000000436e-01,-1.456999999999999962e-03,-6.300000000000000000e+01,3.006952599999999975e+01,-2.095143999999999895e+00,-5.600000000000000000e+01,-6.490299999999999958e-01,1.158999999999999961e-02,6.300000000000000000e+01,-3.006952599999999975e+01,-4.772939999999999960e-01,5.600000000000000000e+01,6.490299999999999958e-01,1.158999999999999961e-02,3.255231599999999759e+01,1.787300520000000006e+02,0.000000000000000000e+00,1.423802163999999948e+03,0.000000000000000000e+00,3.236641989999999964e+02,1.398114970000000028e+02,7.026023999999999603e+01,-1.126999999999999964e-03,-2.209000000000000026e-03,5.161974999999999980e+00,7.621339999999999781e-01,1.476439999999999975e-01,1.000000000000000000e+01,3.530000000000000000e+02,6.080000000000000000e+02,9.000000000000000000e+00,1.000000000000000000e+01,0.000000000000000000e+00,0.000000000000000000e+00,0.000000000000000000e+00,8.500000000000000000e+01,1.310000000000000000e+02,1.000000000000000000e+02,3.100000000000000000e+01
1.820000000000000000e+02,4.105880000000000085e-01,2.256000000000000193e-03,4.220000000000000000e+02,-4.140360000000000151e-01,-9.810000000000001011e-04,6.100000000000000000e+01,-7.288884000000000363e+00,-8.368907999999999348e+00,-5.700000000000000000e+01,-8.928549999999999542e-01,1.566400000000000084e-02,6.500000000000000000e+01,-6.379977000000000231e+00,-9.815300000000000413e-02,5.700000000000000000e+01,8.928549999999999542e-01,1.566400000000000084e-02,5.560609300000000133e+01,8.985673800000000710e+01,-5.885847820000000183e+02,3.176004310000000146e+02,0.000000000000000000e+00,8.122799099999999726e+02,7.852204899999999554e+01,6.663482500000000641e+01,2.410000000000000033e-04,-1.485999999999999908e-03,5.162434000000000189e+00,4.130220000000000002e-01,8.000500000000000667e-02,-9.000000000000000000e+01,3.610000000000000000e+02,6.040000000000000000e+02,8.300000000000000000e+01,7.601580000000000004e-01,9.159000000000000474e-03,5.260000000000000000e+02,-7.649319999999999453e-01,-1.453999999999999997e-03,-6.300000000000000000e+01,3.006952599999999975e+01,-2.095143999999999895e+00,-5.600000000000000000e+01,-6.490299999999999958e-01,1.158999999999999961e-02,6.300000000000000000e+01,-3.006952599999999975e+01,-4.772939999999999960e-01,5.600000000000000000e+01,6.490299999999999958e-01,1.158999999999999961e-02,3.255231599999999759e+01,1.787221159999999998e+02,0.000000000000000000e+00,1.423802163999999948e+03,0.000000000000000000e+00,3.236641989999999964e+02,1.398114970000000028e+02,7.025491399999999942e+01,-1.126999999999999964e-03,-2.209000000000000026e-03,5.162139999999999951e+00,7.622980000000000311e-01,1.476709999999999967e-01,1.000000000000000000e+01,3.540000000000000000e+02,6.090000000000000000e+02,8.000000000000000000e+00,9.000000000000000000e+00,-1.000000000000000000e+00,0.000000000000000000e+00,0.000000000000000000e+00,8.300000000000000000e+01,1.250000000000000000e+02,9.700000000000000000e+01,2.800000000000000000e+01
1.000000000000000000e+02,6.174920000000000408e-01,6.174999999999999933e-03,4.840000000000000000e+02,-6.084279999999999688e-01,-1.257000000000000088e-03,6.500000000000000000e+01,-1.011918599999999913e+01,-6.423441999999999652e+00,5.300000000000000000e+01,5.971334999999999837e+00,1.126670000000000033e-01,7.700000000000000000e+01,1.679809999999999914e-01,2.181999999999999912e-03,5.900000000000000000e+01,9.127189999999999470e-01,1.546999999999999938e-02,3.342364100000000349e+01,1.439530469999999980e+02,-6.808116420000000062e+02,-4.233507099999999923e+01,6.390866103000000294e+03,6.683538389999999936e+02,1.158120420000000053e+02,6.274190000000000111e+01,-8.200168999999999720e-05,-1.752000000000000085e-03,5.154167000000000165e+00,6.116589999999999527e-01,1.186730000000000007e-01,-1.000000000000000000e+00,3.240000000000000000e+02,5.840000000000000000e+02,8.600000000000000000e+01,7.011490000000000222e-01,8.153000000000000524e-03,4.950000000000000000e+02,-6.895160000000000178e-01,-1.392999999999999924e-03,6.100000000000000000e+01,-9.032057999999999254e+00,-6.753720999999999641e+00,5.100000000000000000e+01,7.232943999999999818e+00,1.418220000000000036e-01,6.600000000000000000e+01,-1.928882099999999866e+01,-2.922549999999999870e-01,5.600000000000000000e+01,6.063560000000000061e-01,1.082800000000000082e-02,3.141882199999999870e+01,1.545990710000000092e+02,-7.792513950000000023e+02,1.058464744000000110e+03,7.846204291000000012e+03,3.408933549999999855e+02,1.259605669999999975e+02,6.170265200000000050e+01,-9.590000000000000000e-04,-2.122000000000000188e-03,5.153513000000000233e+00,6.946609999999999729e-01,1.347939999999999972e-01,8.000000000000000000e+00,3.230000000000000000e+02,5.810000000000000000e+02,9.000000000000000000e+00,1.100000000000000000e+01,9.000000000000000000e+00,0.000000000000000000e+00,0.000000000000000000e+00,8.300000000000000000e+01,1.280000000000000000e+02,9.800000000000000000e+01,3.000000000000000000e+01
1.000000000000000000e+02,6.174920000000000408e-01,6.174999999999999933e-03,4.840000000000000000e+02,-6.084279999999999688e-01,-1.257000000000000088e-03,6.500000000000000000e+01,-1.011918599999999913e+01,-6.423441999999999652e+00,5.300000000000000000e+01,5.971334999999999837e+00,1.126670000000000033e-01,7.700000000000000000e+01,1.679809999999999914e-01,2.181999999999999912e-03,5.900000000000000000e+01,9.127189999999999470e-01,1.546999999999999938e-02,3.342364100000000349e+01,1.439530469999999980e+02,-6.808116420000000062e+02,-4.233507099999999923e+01,6.390866103000000294e+03,6.683538389999999936e+02,1.158120420000000053e+02,6.274190000000000111e+01,-8.200168999999999720e-05,-1.752000000000000085e-03,5.154167000000000165e+00,6.116589999999999527e-01,1.186730000000000007e-01,-1.000000000000000000e+00,3.240000000000000000e+02,5.840000000000000000e+02,8.600000000000000000e+01,7.011490000000000222e-01,8.153000000000000524e-03,4.950000000000000000e+02,-6.895160000000000178e-01,-1.392999999999999924e-03,6.100000000000000000e+01,-9.032057999999999254e+00,-6.753720999999999641e+00,5.100000000000000000e+01,7.232943999999999818e+00,1.418220000000000036e-01,6.600000000000000000e+01,-1.928882099999999866e+01,-2.922549999999999870e-01,5.600000000000000000e+01,6.063560000000000061e-01,1.082800000000000082e-02,3.141882199999999870e+01,1.545990710000000092e+02,-7.792513950000000023e+02,1.058464744000000110e+03,7.846204291000000012e+03,3.408933549999999855e+02,1.259605669999999975e+02,6.170265200000000050e+01,-9.590000000000000000e-04,-2.122000000000000188e-03,5.153623999999999761e+00,6.947729999999999739e-01,1.348119999999999874e-01,8.000000000000000000e+00,3.230000000000000000e+02,5.810000000000000000e+02,1.000000000000000000e+01,1.200000000000000000e+01,1.000000000000000000e+01,0.000000000000000000e+00,0.000000000000000000e+00,8.100000000000000000e+01,1.260000000000000000e+02,9.600000000000000000e+01,3.000000000000000000e+01
1.350000000000000000e+02,4.608530000000000126e-01,3.413999999999999934e-03,4.480000000000000000e+02,-4.811119999999999841e-01,-1.074000000000000085e-03,6.400000000000000000e+01,9.827800000000000424e-02,6.512113379999999552e+02,5.300000000000000000e+01,4.503811999999999927e+00,8.497799999999999798e-02,6.400000000000000000e+01,-1.344986800000000038e+01,-2.101540000000000075e-01,5.600000000000000000e+01,1.128111000000000086e+00,2.014499999999999971e-02,4.166695800000000105e+01,9.894566500000000531e+01,-2.198761269999999968e+02,7.085569580000000087e+02,4.840898339000000306e+03,9.391129539999999452e+02,9.043909999999999627e+01,4.726020799999999866e+01,2.930000000000000204e-04,-1.645999999999999894e-03,5.173903000000000141e+00,4.747560000000000113e-01,9.175999999999999435e-02,-4.300000000000000000e+01,3.160000000000000000e+02,5.830000000000000000e+02,8.500000000000000000e+01,6.689979999999999816e-01,7.870999999999999525e-03,4.970000000000000000e+02,-6.797290000000000276e-01,-1.368000000000000075e-03,6.100000000000000000e+01,-2.077072499999999877e+01,-2.936825999999999937e+00,5.100000000000000000e+01,6.716817999999999955e+00,1.317020000000000135e-01,6.400000000000000000e+01,-1.087358799999999981e+01,-1.698999999999999955e-01,5.600000000000000000e+01,8.229400000000000603e-02,1.469999999999999953e-03,2.901486200000000082e+01,1.591886389999999949e+02,-8.150832470000000285e+02,1.192420168999999987e+03,7.262879457000000002e+03,-1.817185580000000016e+02,1.227808430000000044e+02,6.314967599999999948e+01,-6.999999999999999929e-04,-2.037999999999999881e-03,5.166146999999999601e+00,6.751449999999999951e-01,1.306859999999999966e-01,9.000000000000000000e+00,3.200000000000000000e+02,5.820000000000000000e+02,9.000000000000000000e+00,1.000000000000000000e+01,1.600000000000000000e+01,0.000000000000000000e+00,0.000000000000000000e+00,7.600000000000000000e+01,1.220000000000000000e+02,9.100000000000000000e+01,3.100000000000000000e+01
1.350000000000000000e+02,4.608530000000000126e-01,3.413999999999999934e-03,4.480000000000000000e+02,-4.811119999999999841e-01,-1.074000000000000085e-03,6.400000000000000000e+01,9.827800000000000424e-02,6.512113379999999552e+02,5.300000000000000000e+01,4.503811999999999927e+00,8.497799999999999798e-02,6.400000000000000000e+01,-1.344986800000000038e+01,-2.101540000000000075e-01,5.600000000000000000e+01,1.128111000000000086e+00,2.014499999999999971e-02,4.166695800000000105e+01,9.894566500000000531e+01,-2.198761269999999968e+02,7.085569580000000087e+02,4.840898339000000306e+03,9.391129539999999452e+02,9.043909999999999627e+01,4.726020799999999866e+01,2.930000000000000204e-04,-1.645999999999999894e-03,5.173903000000000141e+00,4.747560000000000113e-01,9.175999999999999435e-02,-4.300000000000000000e+01,3.160000000000000000e+02,5.830000000000000000e+02,8.500000000000000000e+01,6.689979999999999816e-01,7.870999999999999525e-03,4.970000000000000000e+02,-6.797290000000000276e-01,-1.368000000000000075e-03,6.100000000000000000e+01,-2.077072499999999877e+01,-2.936825999999999937e+00,5.100000000000000000e+01,6.716817999999999955e+00,1.317020000000000135e-01,6.400000000000000000e+01,-1.087358799999999981e+01,-1.698999999999999955e-01,5.600000000000000000e+01,8.229400000000000603e-02,1.469999999999999953e-03,2.901486200000000082e+01,1.591886389999999949e+02,-8.150832470000000285e+02,1.192420168999999987e+03,7.262879457000000002e+03,-1.817185580000000016e+02,1.227808430000000044e+02,6.314967599999999948e+01,-6.999999999999999929e-04,-2.037999999999999881e-03,5.166043000000000163e+00,6.750399999999999734e-01,1.306690000000000074e-01,9.000000000000000000e+00,3.200000000000000000e+02,5.820000000000000000e+02,1.000000000000000000e+01,1.100000000000000000e+01,1.700000000000000000e+01,0.000000000000000000e+00,0.000000000000000000e+00,8.000000000000000000e+01,1.240000000000000000e+02,9.400000000000000000e+01,3.000000000000000000e+01
1.350000000000000000e+02,4.628280000000000172e-01,3.428000000000000057e-03,4.480000000000000000e+02,-4.745570000000000066e-01,-1.059000000000000045e-03,6.400000000000000000e+01,9.827800000000000424e-02,6.512113379999999552e+02,-5.600000000000000000e+01,-1.128111000000000086e+00,2.014499999999999971e-02,6.400000000000000000e+01,-1.344986800000000038e+01,-2.101540000000000075e-01,5.600000000000000000e+01,1.128111000000000086e+00,2.014499999999999971e-02,4.180127699999999891e+01,9.747406200000000354e+01,-2.198761269999999968e+02,7.085569580000000087e+02,0.000000000000000000e+00,9.391129539999999452e+02,9.096651599999999860e+01,4.653198600000000340e+01,3.080000000000000055e-04,-1.631000000000000071e-03,5.168317000000000050e+00,4.711449999999999805e-01,9.116000000000000492e-02,-4.300000000000000000e+01,3.160000000000000000e+02,5.830000000000000000e+02,8.500000000000000000e+01,6.696499999999999675e-01,7.877999999999999586e-03,4.960000000000000000e+02,-6.759840000000000293e-01,-1.363000000000000062e-03,6.100000000000000000e+01,-2.077072499999999877e+01,-2.936825999999999937e+00,-5.600000000000000000e+01,-8.229400000000000603e-02,1.469999999999999953e-03,6.400000000000000000e+01,-1.087358799999999981e+01,-1.698999999999999955e-01,5.600000000000000000e+01,8.229400000000000603e-02,1.469999999999999953e-03,2.904291399999999967e+01,1.582735720000000015e+02,-8.150832470000000285e+02,1.192420168999999987e+03,0.000000000000000000e+00,-1.817185580000000016e+02,1.230472929999999963e+02,6.278024400000000327e+01,-6.930000000000000396e-04,-2.030999999999999819e-03,5.163020000000000387e+00,6.726699999999999902e-01,1.302860000000000129e-01,9.000000000000000000e+00,3.190000000000000000e+02,5.810000000000000000e+02,1.000000000000000000e+01,1.100000000000000000e+01,1.700000000000000000e+01,0.000000000000000000e+00,0.000000000000000000e+00,8.100000000000000000e+01,1.220000000000000000e+02,9.400000000000000000e+01,2.800000000000000000e+01
1.350000000000000000e+02,4.628280000000000172e-01,3.428000000000000057e-03,4.480000000000000000e+02,-4.745570000000000066e-01,-1.059000000000000045e-03,6.400000000000000000e+01,9.827800000000000424e-02,6.512113379999999552e+02,-5.600000000000000000e+01,-1.128111000000000086e+00,2.014499999999999971e-02,6.400000000000000000e+01,-1.344986800000000038e+01,-2.101540000000000075e-01,5.600000000000000000e+01,1.128111000000000086e+00,2.014499999999999971e-02,4.180127699999999891e+01,9.747406200000000354e+01,-2.198761269999999968e+02,7.085569580000000087e+02,0.000000000000000000e+00,9.391129539999999452e+02,9.096651599999999860e+01,4.653198600000000340e+01,3.080000000000000055e-04,-1.631000000000000071e-03,5.168317000000000050e+00,4.711449999999999805e-01,9.116000000000000492e-02,-4.300000000000000000e+01,3.160000000000000000e+02,5.830000000000000000e+02,8.500000000000000000e+01,6.696499999999999675e-01,7.877999999999999586e-03,4.970000000000000000e+02,-6.759140000000000148e-01,-1.360000000000000098e-03,6.100000000000000000e+01,-2.077072499999999877e+01,-2.936825999999999937e+00,-5.600000000000000000e+01,-8.229400000000000603e-02,1.469999999999999953e-03,6.400000000000000000e+01,-1.087358799999999981e+01,-1.698999999999999955e-01,5.600000000000000000e+01,8.229400000000000603e-02,1.469999999999999953e-03,2.904291399999999967e+01,1.582388180000000091e+02,-8.150832470000000285e+02,1.192420168999999987e+03,0.000000000000000000e+00,-1.817185580000000016e+02,1.230472929999999963e+02,6.275793699999999831e+01,-6.930000000000000396e-04,-2.030999999999999819e-03,5.163132000000000055e+00,6.727819999999999911e-01,1.303050000000000042e-01,9.000000000000000000e+00,3.200000000000000000e+02,5.820000000000000000e+02,9.000000000000000000e+00,1.000000000000000000e+01,1.600000000000000000e+01,0.000000000000000000e+00,0.000000000000000000e+00,7.500000000000000000e+01,1.190000000000000000e+02,8.900000000000000000e+01,3.000000000000000000e+01
1.510000000000000000e+02,4.915619999999999989e-01,3.255000000000000081e-03,4.370000000000000000e+02,-5.371449999999999836e-01,-1.229000000000000058e-03,6.300000000000000000e+01,-5.965066000000000201e+00,-1.056149300000000046e+01,5.200000000000000000e+01,4.478261999999999965e+00,8.612000000000000210e-02,6.200000000000000000e+01,-1.739666100000000171e+01,-2.805909999999999793e-01,5.700000000000000000e+01,7.771810000000000107e-01,1.363499999999999955e-02,5.120534099999999711e+01,1.201065600000000018e+02,-5.785473289999999906e+02,9.508560649999999441e+02,4.851766230999999607e+03,6.025009579999999687e+02,1.242095740000000035e+02,3.769945500000000038e+01,4.539999999999999765e-04,-1.430999999999999980e-03,5.196547999999999945e+00,5.281099999999999683e-01,1.016269999999999951e-01,-5.800000000000000000e+01,2.380000000000000000e+02,5.880000000000000000e+02,8.200000000000000000e+01,6.688450000000000228e-01,8.156999999999999321e-03,5.040000000000000000e+02,-6.779530000000000278e-01,-1.345000000000000058e-03,6.000000000000000000e+01,-1.088834499999999927e+01,-5.510479000000000127e+00,5.200000000000000000e+01,7.193579999999999863e+00,1.383379999999999888e-01,6.100000000000000000e+01,-3.510804900000000117e+01,-5.755419999999999980e-01,5.500000000000000000e+01,2.449149999999999938e-01,4.453000000000000361e-03,2.853205300000000122e+01,1.682563550000000134e+02,-1.118828387000000021e+03,1.749146735000000035e+03,7.808798724000000220e+03,-2.756770200000000060e+01,1.268499800000000022e+02,6.794438100000000702e+01,-9.070000000000000371e-04,-1.969999999999999963e-03,5.166367000000000154e+00,6.752129999999999521e-01,1.306940000000000046e-01,9.000000000000000000e+00,3.250000000000000000e+02,5.860000000000000000e+02,1.000000000000000000e+01,1.200000000000000000e+01,9.900000000000000000e+01,0.000000000000000000e+00,0.000000000000000000e+00,8.000000000000000000e+01,1.180000000000000000e+02,9.200000000000000000e+01,2.600000000000000000e+01
8.700000000000000000e+01,4.669730000000000270e-01,5.368000000000000375e-03,4.900000000000000000e+02,-5.047289999999999832e-01,-1.030000000000000100e-03,6.600000000000000000e+01,-6.175790000000000113e+00,-1.068689299999999953e+01,5.500000000000000000e+01,5.042332000000000036e+00,9.167899999999999661e-02,6.800000000000000000e+01,-7.354662000000000255e+00,-1.081570000000000031e-01,5.700000000000000000e+01,1.377950999999999926e+00,2.417499999999999857e-02,2.186152699999999882e+01,1.316444180000000017e+02,-3.565670850000000200e+02,6.291091579999999794e+02,5.493200244999999995e+03,1.195731727999999976e+03,1.247329349999999977e+02,1.589055399999999985e+01,4.449999999999999746e-04,-1.046000000000000055e-03,5.185988000000000042e+00,4.929609999999999825e-01,9.505600000000000160e-02,2.000000000000000000e+00,1.590000000000000000e+02,5.770000000000000000e+02,8.300000000000000000e+01,6.371660000000000101e-01,7.676999999999999796e-03,4.950000000000000000e+02,-6.350689999999999946e-01,-1.283000000000000069e-03,6.200000000000000000e+01,-2.607844100000000154e+01,-2.377442999999999973e+00,-5.600000000000000000e+01,-1.018528000000000100e+00,1.818799999999999931e-02,6.200000000000000000e+01,-1.377773400000000059e+01,-2.222220000000000029e-01,5.600000000000000000e+01,1.018528000000000100e+00,1.818799999999999931e-02,2.753458300000000136e+01,1.477731510000000128e+02,-1.124212011999999959e+03,1.418175122000000101e+03,0.000000000000000000e+00,7.324318240000000060e+02,1.164357459999999946e+02,5.890198399999999879e+01,-7.659999999999999708e-04,-1.923999999999999929e-03,5.158987999999999907e+00,6.361539999999999973e-01,1.233100000000000029e-01,8.000000000000000000e+00,3.230000000000000000e+02,5.780000000000000000e+02,1.100000000000000000e+01,1.200000000000000000e+01,1.760000000000000000e+02,0.000000000000000000e+00,0.000000000000000000e+00,8.000000000000000000e+01,1.180000000000000000e+02,9.200000000000000000e+01,2.600000000000000000e+01
8.700000000000000000e+01,4.669730000000000270e-01,5.368000000000000375e-03,4.900000000000000000e+02,-5.047289999999999832e-01,-1.030000000000000100e-03,6.600000000000000000e+01,-6.175790000000000113e+00,-1.068689299999999953e+01,5.500000000000000000e+01,5.042332000000000036e+00,9.167899999999999661e-02,6.800000000000000000e+01,-7.354662000000000255e+00,-1.081570000000000031e-01,5.700000000000000000e+01,1.377950999999999926e+00,2.417499999999999857e-02,2.186152699999999882e+01,1.316444180000000017e+02,-3.565670850000000200e+02,6.291091579999999794e+02,5.493200244999999995e+03,1.195731727999999976e+03,1.247329349999999977e+02,1.589055399999999985e+01,4.449999999999999746e-04,-1.046000000000000055e-03,5.185988000000000042e+00,4.929609999999999825e-01,9.505600000000000160e-02,2.000000000000000000e+00,1.590000000000000000e+02,5.770000000000000000e+02,8.300000000000000000e+01,6.371660000000000101e-01,7.676999999999999796e-03,4.960000000000000000e+02,-6.352680000000000549e-01,-1.281000000000000021e-03,6.200000000000000000e+01,-2.607844100000000154e+01,-2.377442999999999973e+00,-5.600000000000000000e+01,-1.018528000000000100e+00,1.818799999999999931e-02,6.200000000000000000e+01,-1.377773400000000059e+01,-2.222220000000000029e-01,5.600000000000000000e+01,1.018528000000000100e+00,1.818799999999999931e-02,2.753458300000000136e+01,1.478721119999999871e+02,-1.124212011999999959e+03,1.418175122000000101e+03,0.000000000000000000e+00,7.324318240000000060e+02,1.164357459999999946e+02,5.896642899999999798e+01,-7.659999999999999708e-04,-1.923999999999999929e-03,5.158962999999999965e+00,6.361280000000000268e-01,1.233049999999999979e-01,8.000000000000000000e+00,3.240000000000000000e+02,5.790000000000000000e+02,1.000000000000000000e+01,1.100000000000000000e+01,1.750000000000000000e+02,0.000000000000000000e+00,0.000000000000000000e+00,7.600000000000000000e+01,1.170000000000000000e+02,8.900000000000000000e+01,2.800000000000000000e+01
9.300000000000000000e+01,4.581339999999999857e-01,4.925999999999999823e-03,4.800000000000000000e+02,-4.724769999999999803e-01,-9.840000000000000656e-04,6.800000000000000000e+01,-1.338797000000000015e+00,-5.079185600000000278e+01,5.400000000000000000e+01,5.141696999999999740e+00,9.521699999999999608e-02,1.770000000000000000e+02,-1.083341000000000109e+00,-6.120999999999999705e-03,5.900000000000000000e+01,9.404609999999999914e-01,1.593999999999999931e-02,2.311797899999999828e+01,1.035205830000000020e+02,-4.316037069999999858e+02,-1.067280312000000094e+03,5.536729557999999997e+03,7.732860610000000179e+02,8.187197999999999354e+01,4.229897900000000277e+01,2.239999999999999966e-04,-1.474999999999999966e-03,5.174343000000000359e+00,4.724769999999999803e-01,9.131200000000000427e-02,1.000000000000000000e+00,3.250000000000000000e+02,5.730000000000000000e+02,8.600000000000000000e+01,6.303410000000000402e-01,7.329999999999999710e-03,4.870000000000000000e+02,-6.323170000000000179e-01,-1.297999999999999892e-03,6.200000000000000000e+01,-7.165721999999999703e+00,-8.652304000000000883e+00,-5.600000000000000000e+01,-5.464059999999999473e-01,9.757000000000000048e-03,6.600000000000000000e+01,-2.229836099999999988e+01,-3.378539999999999877e-01,5.600000000000000000e+01,5.464059999999999473e-01,9.757000000000000048e-03,2.819663500000000056e+01,1.303609700000000089e+02,-6.987106740000000400e+02,1.241101812000000109e+03,0.000000000000000000e+00,2.928353280000000041e+02,1.111378019999999935e+02,4.669775700000000285e+01,-7.179999999999999967e-04,-2.220999999999999884e-03,5.161512000000000100e+00,6.318519999999999692e-01,1.224159999999999970e-01,8.000000000000000000e+00,3.160000000000000000e+02,5.730000000000000000e+02,1.000000000000000000e+01,1.200000000000000000e+01,3.000000000000000000e+00,0.000000000000000000e+00,0.000000000000000000e+00,8.000000000000000000e+01,1.190000000000000000e+02,9.300000000000000000e+01,2.600000000000000000e+01
9.300000000000000000e+01,4.575199999999999823e-01,4.919999999999999894e-03,4.800000000000000000e+02,-4.756460000000000132e-01,-9.909999999999999105e-04,6.800000000000000000e+01,-1.338797000000000015e+00,-5.079185600000000278e+01,5.400000000000000000e+01,5.141696999999999740e+00,9.521699999999999608e-02,1.770000000000000000e+02,-1.083341000000000109e+00,-6.120999999999999705e-03,5.900000000000000000e+01,9.404609999999999914e-01,1.593999999999999931e-02,2.308912199999999970e+01,1.042826969999999989e+02,-4.316037069999999858e+02,-1.067280312000000094e+03,5.536729557999999997e+03,7.732860610000000179e+02,8.166649900000000173e+01,4.264656500000000250e+01,2.169999999999999891e-04,-1.480999999999999895e-03,5.178125999999999785e+00,4.756460000000000132e-01,9.185699999999999421e-02,1.000000000000000000e+00,3.250000000000000000e+02,5.730000000000000000e+02,8.600000000000000000e+01,6.302619999999999889e-01,7.328999999999999578e-03,4.870000000000000000e+02,-6.327610000000000179e-01,-1.299000000000000024e-03,6.200000000000000000e+01,-7.165721999999999703e+00,-8.652304000000000883e+00,5.200000000000000000e+01,6.619481000000000392e+00,1.272979999999999945e-01,6.600000000000000000e+01,-2.229836099999999988e+01,-3.378539999999999877e-01,5.600000000000000000e+01,5.464059999999999473e-01,9.757000000000000048e-03,2.819323199999999829e+01,1.304690879999999993e+02,-6.987106740000000400e+02,1.241101812000000109e+03,7.171399022999999943e+03,2.928353280000000041e+02,1.111074019999999933e+02,4.674304099999999806e+01,-7.190000000000000210e-04,-2.222000000000000017e-03,5.162081999999999837e+00,6.323440000000000172e-01,1.224979999999999958e-01,8.000000000000000000e+00,3.160000000000000000e+02,5.730000000000000000e+02,9.000000000000000000e+00,1.100000000000000000e+01,2.000000000000000000e+00,0.000000000000000000e+00,0.000000000000000000e+00,8.300000000000000000e+01,1.210000000000000000e+02,9.500000000000000000e+01,2.600000000000000000e+01
9.300000000000000000e+01,4.575199999999999823e-01,4.919999999999999894e-03,4.800000000000000000e+02,-4.756460000000000132e-01,-9.909999999999999105e-04,6.800000000000000000e+01,-1.338797000000000015e+00,-5.079185600000000278e+01,5.400000000000000000e+01,5.141696999999999740e+00,9.521699999999999608e-02,1.770000000000000000e+02,-1.083341000000000109e+00,-6.120999999999999705e-03,5.900000000000000000e+01,9.404609999999999914e-01,1.593999999999999931e-02,2.308912199999999970e+01,1.042826969999999989e+02,-4.316037069999999858e+02,-1.067280312000000094e+03,5.536729557999999997e+03,7.732860610000000179e+02,8.166649900000000173e+01,4.264656500000000250e+01,2.169999999999999891e-04,-1.480999999999999895e-03,5.178125999999999785e+00,4.756460000000000132e-01,9.185699999999999421e-02,1.000000000000000000e+00,3.250000000000000000e+02,5.730000000000000000e+02,8.600000000000000000e+01,6.302619999999999889e-01,7.328999999999999578e-03,4.870000000000000000e+02,-6.327610000000000179e-01,-1.299000000000000024e-03,6.200000000000000000e+01,-7.165721999999999703e+00,-8.652304000000000883e+00,5.200000000000000000e+01,6.619481000000000392e+00,1.272979999999999945e-01,6.600000000000000000e+01,-2.229836099999999988e+01,-3.378539999999999877e-01,5.600000000000000000e+01,5.464059999999999473e-01,9.757000000000000048e-03,2.819323199999999829e+01,1.304690879999999993e+02,-6.987106740000000400e+02,1.241101812000000109e+03,7.171399022999999943e+03,2.928353280000000041e+02,1.111074019999999933e+02,4.674304099999999806e+01,-7.190000000000000210e-04,-2.222000000000000017e-03,5.162081999999999837e+00,6.323440000000000172e-01,1.224979999999999958e-01,8.000000000000000000e+00,3.160000000000000000e+02,5.730000000000000000e+02,9.000000000000000000e+00,1.100000000000000000e+01,2.000000000000000000e+00,0.000000000000000000e+00,0.000000000000000000e+00,7.900000000000000000e+01,1.160000000000000000e+02,9.100000000000000000e+01,2.500000000000000000e+01
8.600000000000000000e+01,3.867940000000000267e-01,4.498000000000000262e-03,4.960000000000000000e+02,-4.017890000000000073e-01,-8.099999999999999561e-04,6.100000000000000000e+01,-4.109600999999999615e+00,-1.484329100000000068e+01,5.100000000000000000e+01,4.008358999999999561e+00,7.859499999999999820e-02,6.100000000000000000e+01,-1.578179399999999966e+01,-2.587180000000000035e-01,5.500000000000000000e+01,7.781590000000000451e-01,1.414800000000000085e-02,1.777569000000000088e+01,1.178085760000000022e+02,-3.945405890000000113e+02,8.852353480000000445e+02,4.367518140999999559e+03,6.269590729999999894e+02,7.885903700000000072e+01,5.404386999999999830e+01,9.293387000000000609e-05,-6.859999999999999779e-04,5.172494999999999621e+00,3.992890000000000050e-01,7.719499999999999973e-02,3.000000000000000000e+00,3.260000000000000000e+02,5.820000000000000000e+02,8.800000000000000000e+01,6.287740000000000551e-01,7.145000000000000309e-03,4.910000000000000000e+02,-6.241400000000000281e-01,-1.270999999999999994e-03,6.100000000000000000e+01,-7.071483999999999881e+00,-8.626194999999999169e+00,5.100000000000000000e+01,6.300539999999999807e+00,1.235399999999999970e-01,6.300000000000000000e+01,-2.953744400000000070e+01,-4.688479999999999870e-01,5.600000000000000000e+01,6.771310000000000384e-01,1.209200000000000032e-02,2.922405600000000092e+01,1.554382720000000120e+02,-8.116646459999999479e+02,1.537519146999999975e+03,6.842306955000000016e+03,4.060411680000000274e+02,1.200604160000000036e+02,6.510606699999999591e+01,-4.760000000000000234e-04,-1.685999999999999999e-03,5.156972999999999807e+00,6.257460000000000244e-01,1.213400000000000034e-01,5.000000000000000000e+00,3.210000000000000000e+02,5.790000000000000000e+02,9.000000000000000000e+00,9.000000000000000000e+00,9.000000000000000000e+00,0.000000000000000000e+00,0.000000000000000000e+00,8.100000000000000000e+01,1.180000000000000000e+02,9.200000000000000000e+01,2.600000000000000000e+01
8.600000000000000000e+01,3.867940000000000267e-01,4.498000000000000262e-03,4.960000000000000000e+02,-4.017890000000000073e-01,-8.099999999999999561e-04,6.100000000000000000e+01,-4.109600999999999615e+00,-1.484329100000000068e+01,5.100000000000000000e+01,4.008358999999999561e+00,7.859499999999999820e-02,6.100000000000000000e+01,-1.578179399999999966e+01,-2.587180000000000035e-01,5.500000000000000000e+01,7.781590000000000451e-01,1.414800000000000085e-02,1.777569000000000088e+01,1.178085760000000022e+02,-3.945405890000000113e+02,8.852353480000000445e+02,4.367518140999999559e+03,6.269590729999999894e+02,7.885903700000000072e+01,5.404386999999999830e+01,9.293387000000000609e-05,-6.859999999999999779e-04,5.172494999999999621e+00,3.992890000000000050e-01,7.719499999999999973e-02,3.000000000000000000e+00,3.260000000000000000e+02,5.820000000000000000e+02,8.800000000000000000e+01,6.287740000000000551e-01,7.145000000000000309e-03,4.900000000000000000e+02,-6.240440000000000431e-01,-1.273999999999999959e-03,6.100000000000000000e+01,-7.071483999999999881e+00,-8.626194999999999169e+00,5.100000000000000000e+01,6.300539999999999807e+00,1.235399999999999970e-01,6.300000000000000000e+01,-2.953744400000000070e+01,-4.688479999999999870e-01,5.600000000000000000e+01,6.771310000000000384e-01,1.209200000000000032e-02,2.922405600000000092e+01,1.553913119999999992e+02,-8.116646459999999479e+02,1.537519146999999975e+03,6.842306955000000016e+03,4.060411680000000274e+02,1.200604160000000036e+02,6.507546200000000169e+01,-4.760000000000000234e-04,-1.685999999999999999e-03,5.157034000000000340e+00,6.258080000000000309e-01,1.213499999999999995e-01,5.000000000000000000e+00,3.200000000000000000e+02,5.780000000000000000e+02,1.000000000000000000e+01,1.000000000000000000e+01,1.000000000000000000e+01,0.000000000000000000e+00,0.000000000000000000e+00,8.000000000000000000e+01,1.150000000000000000e+02,9.000000000000000000e+01,2.500000000000000000e+01
8.600000000000000000e+01,3.867940000000000267e-01,4.498000000000000262e-03,4.960000000000000000e+02,-4.017890000000000073e-01,-8.099999999999999561e-04,6.100000000000000000e+01,-4.109600999999999615e+00,-1.484329100000000068e+01,5.100000000000000000e+01,4.008358999999999561e+00,7.859499999999999820e-02,6.100000000000000000e+01,-1.578179399999999966e+01,-2.587180000000000035e-01,5.500000000000000000e+01,7.781590000000000451e-01,1.414800000000000085e-02,1.777569000000000088e+01,1.178085760000000022e+02,-3.945405890000000113e+02,8.852353480000000445e+02,4.367518140999999559e+03,6.269590729999999894e+02,7.885903700000000072e+01,5.404386999999999830e+01,9.293387000000000609e-05,-6.859999999999999779e-04,5.172494999999999621e+00,3.992890000000000050e-01,7.719499999999999973e-02,3.000000000000000000e+00,3.260000000000000000e+02,5.820000000000000000e+02,8.800000000000000000e+01,6.287740000000000551e-01,7.145000000000000309e-03,4.900000000000000000e+02,-6.240440000000000431e-01,-1.273999999999999959e-03,6.100000000000000000e+01,-7.071483999999999881e+00,-8.626194999999999169e+00,5.100000000000000000e+01,6.300539999999999807e+00,1.235399999999999970e-01,6.300000000000000000e+01,-2.953744400000000070e+01,-4.688479999999999870e-01,5.600000000000000000e+01,6.771310000000000384e-01,1.209200000000000032e-02,2.922405600000000092e+01,1.553913119999999992e+02,-8.116646459999999479e+02,1.537519146999999975e+03,6.842306955000000016e+03,4.060411680000000274e+02,1.200604160000000036e+02,6.507546200000000169e+01,-4.760000000000000234e-04,-1.685999999999999999e-03,5.157034000000000340e+00,6.258080000000000309e-01,1.213499999999999995e-01,5.000000000000000000e+00,3.200000000000000000e+02,5.780000000000000000e+02,1.000000000000000000e+01,1.000000000000000000e+01,1.000000000000000000e+01,0.000000000000000000e+00,0.000000000000000000e+00,7.800000000000000000e+01,1.150000000000000000e+02,9.000000000000000000e+01,2.500000000000000000e+01
1.210000000000000000e+02,3.960790000000000144e-01,3.272999999999999868e-03,5.140000000000000000e+02,-3.939590000000000036e-01,-7.659999999999999708e-04,6.300000000000000000e+01,1.060657999999999923e+01,5.939708999999999683e+00,4.600000000000000000e+01,4.190661000000000413e+00,9.110100000000000142e-02,1.150000000000000000e+02,-2.369733999999999785e+00,-2.060599999999999932e-02,5.500000000000000000e+01,6.877440000000000220e-01,1.250399999999999949e-02,2.902946100000000129e+01,9.809556800000000010e+01,5.130823709999999664e+02,-1.387358749999999930e+02,3.996115635999999995e+03,6.711269240000000309e+02,8.100825700000000040e+01,4.625882800000000117e+01,2.860000000000000129e-04,-1.196999999999999930e-03,5.157956000000000429e+00,3.940350000000000241e-01,7.639400000000000357e-02,-2.700000000000000000e+01,3.610000000000000000e+02,6.350000000000000000e+02,1.360000000000000000e+02,3.706949999999999967e-01,2.726000000000000124e-03,5.000000000000000000e+02,-3.701200000000000045e-01,-7.399999999999999894e-04,6.800000000000000000e+01,-1.185760100000000072e+01,-5.734717999999999982e+00,4.200000000000000000e+01,4.011296999999999890e+00,9.550699999999999468e-02,1.180000000000000000e+02,-1.397228699999999968e+01,-1.184090000000000004e-01,5.400000000000000000e+01,1.311160000000000103e-01,2.428000000000000037e-03,3.062652999999999892e+01,8.887575800000000470e+01,-1.642510606999999936e+03,1.599496210000000076e+02,3.766243139000000156e+03,2.234216450000000123e+02,7.605916399999999555e+01,4.335790899999999937e+01,4.209999999999999875e-04,-1.170999999999999949e-03,5.159591999999999956e+00,3.702880000000000060e-01,7.176699999999999746e-02,-3.500000000000000000e+01,3.580000000000000000e+02,6.360000000000000000e+02,9.000000000000000000e+00,1.100000000000000000e+01,1.100000000000000000e+01,0.000000000000000000e+00,0.000000000000000000e+00,8.200000000000000000e+01,1.160000000000000000e+02,9.300000000000000000e+01,2.300000000000000000e+01
1.270000000000000000e+02,4.255900000000000238e-01,3.350999999999999812e-03,5.250000000000000000e+02,-4.243790000000000062e-01,-8.080000000000000160e-04,6.800000000000000000e+01,-8.466495999999999356e+00,-8.031658000000000186e+00,5.500000000000000000e+01,3.915289000000000019e+00,7.118700000000000028e-02,1.200000000000000000e+02,2.951677000000000106e+00,2.459700000000000081e-02,5.900000000000000000e+01,9.055889999999999773e-01,1.534899999999999980e-02,3.315989799999999832e+01,1.052591060000000027e+02,-2.657950109999999881e+02,8.085024799999999345e+01,4.158731147000000419e+03,6.774102179999999862e+02,8.939555799999999408e+01,4.900927099999999825e+01,2.519999999999999996e-04,-1.302999999999999905e-03,5.158883999999999581e+00,4.244749999999999912e-01,8.228000000000000591e-02,-3.000000000000000000e+01,3.710000000000000000e+02,6.520000000000000000e+02,1.440000000000000000e+02,3.470860000000000056e-01,2.409999999999999816e-03,5.060000000000000000e+02,-3.473539999999999961e-01,-6.859999999999999779e-04,7.500000000000000000e+01,-5.274149999999999672e-01,-1.422030929999999955e+02,5.900000000000000000e+01,3.261476000000000042e+00,5.527900000000000175e-02,1.240000000000000000e+02,-4.167420000000000013e-01,-3.360999999999999838e-03,6.000000000000000000e+01,9.768850000000000033e-01,1.628100000000000033e-02,3.116091600000000028e+01,8.138679100000000233e+01,-4.002957000000000320e+00,7.988358100000000661e+01,3.466612375000000156e+03,7.860825640000000476e+02,7.248150900000000263e+01,3.987770100000000184e+01,5.220000000000000031e-04,-1.098999999999999934e-03,5.160199000000000424e+00,3.472850000000000104e-01,6.730099999999999971e-02,-4.700000000000000000e+01,3.690000000000000000e+02,6.500000000000000000e+02,1.200000000000000000e+01,1.100000000000000000e+01,1.200000000000000000e+01,0.000000000000000000e+00,0.000000000000000000e+00,8.300000000000000000e+01,1.180000000000000000e+02,9.300000000000000000e+01,2.500000000000000000e+01
1.270000000000000000e+02,4.255900000000000238e-01,3.350999999999999812e-03,5.250000000000000000e+02,-4.243790000000000062e-01,-8.080000000000000160e-04,6.800000000000000000e+01,-8.466495999999999356e+00,-8.031658000000000186e+00,5.500000000000000000e+01,3.915289000000000019e+00,7.118700000000000028e-02,1.200000000000000000e+02,2.951677000000000106e+00,2.459700000000000081e-02,5.900000000000000000e+01,9.055889999999999773e-01,1.534899999999999980e-02,3.315989799999999832e+01,1.052591060000000027e+02,-2.657950109999999881e+02,8.085024799999999345e+01,4.158731147000000419e+03,6.774102179999999862e+02,8.939555799999999408e+01,4.900927099999999825e+01,2.519999999999999996e-04,-1.302999999999999905e-03,5.158883999999999581e+00,4.244749999999999912e-01,8.228000000000000591e-02,-3.000000000000000000e+01,3.710000000000000000e+02,6.520000000000000000e+02,1.440000000000000000e+02,3.470860000000000056e-01,2.409999999999999816e-03,5.070000000000000000e+02,-3.472959999999999936e-01,-6.849999999999999535e-04,7.500000000000000000e+01,-5.272860000000000325e-01,-1.422377360000000124e+02,5.900000000000000000e+01,3.261476000000000042e+00,5.527900000000000175e-02,1.240000000000000000e+02,-4.166790000000000216e-01,-3.360000000000000139e-03,6.000000000000000000e+01,9.768850000000000033e-01,1.628100000000000033e-02,3.116091600000000028e+01,8.135758900000000438e+01,-3.988862999999999825e+00,7.988271899999999448e+01,3.466609511000000111e+03,7.860822510000000420e+02,7.248150900000000263e+01,3.985644800000000032e+01,5.220000000000000031e-04,-1.098999999999999934e-03,5.160194999999999865e+00,3.472819999999999796e-01,6.729999999999999871e-02,-4.700000000000000000e+01,3.700000000000000000e+02,6.510000000000000000e+02,1.300000000000000000e+01,1.200000000000000000e+01,1.300000000000000000e+01,0.000000000000000000e+00,0.000000000000000000e+00,7.800000000000000000e+01,1.090000000000000000e+02,8.800000000000000000e+01,2.100000000000000000e+01
1.380000000000000000e+02,4.191449999999999898e-01,3.037000000000000203e-03,5.160000000000000000e+02,-4.117950000000000221e-01,-7.979999999999999897e-04,6.700000000000000000e+01,-7.786252000000000173e+00,-8.604910000000000281e+00,5.400000000000000000e+01,4.063555000000000028e+00,7.525099999999999845e-02,1.220000000000000000e+02,1.898276999999999992e+00,1.555999999999999918e-02,5.700000000000000000e+01,9.435839999999999783e-01,1.655399999999999927e-02,3.747256500000000301e+01,9.940042800000000511e+01,-2.147491679999999974e+02,2.317235290000000134e+02,4.334327911999999742e+03,7.366879310000000487e+02,8.862217599999999607e+01,4.911214799999999769e+01,3.609999999999999928e-04,-1.283999999999999985e-03,5.156178999999999846e+00,4.153240000000000265e-01,8.054899999999999560e-02,-4.400000000000000000e+01,3.750000000000000000e+02,6.540000000000000000e+02,1.070000000000000000e+02,2.907719999999999749e-01,2.716999999999999797e-03,5.510000000000000000e+02,-2.985820000000000141e-01,-5.419999999999999471e-04,7.200000000000000000e+01,-4.273808999999999969e+00,-1.684679799999999972e+01,-6.000000000000000000e+01,-3.960290000000000199e-01,6.599999999999999964e-03,1.130000000000000000e+02,5.699912000000000312e+00,5.044200000000000073e-02,6.000000000000000000e+01,3.960290000000000199e-01,6.599999999999999964e-03,1.661137000000000086e+01,8.417865100000000211e+01,-1.123223990000000043e+02,-4.174428530000000137e+02,0.000000000000000000e+00,2.391742610000000013e+02,6.087583200000000261e+01,3.841405999999999921e+01,2.439999999999999949e-04,-7.140000000000000079e-04,5.163026999999999589e+00,2.938000000000000056e-01,5.690499999999999725e-02,-7.000000000000000000e+00,3.760000000000000000e+02,6.580000000000000000e+02,1.100000000000000000e+01,1.000000000000000000e+01,1.100000000000000000e+01,0.000000000000000000e+00,0.000000000000000000e+00,7.900000000000000000e+01,1.150000000000000000e+02,9.000000000000000000e+01,2.500000000000000000e+01
1.380000000000000000e+02,4.191449999999999898e-01,3.037000000000000203e-03,5.160000000000000000e+02,-4.117950000000000221e-01,-7.979999999999999897e-04,6.700000000000000000e+01,-7.786252000000000173e+00,-8.604910000000000281e+00,5.400000000000000000e+01,4.063555000000000028e+00,7.525099999999999845e-02,1.220000000000000000e+02,1.898276999999999992e+00,1.555999999999999918e-02,5.700000000000000000e+01,9.435839999999999783e-01,1.655399999999999927e-02,3.747256500000000301e+01,9.940042800000000511e+01,-2.147491679999999974e+02,2.317235290000000134e+02,4.334327911999999742e+03,7.366879310000000487e+02,8.862217599999999607e+01,4.911214799999999769e+01,3.609999999999999928e-04,-1.283999999999999985e-03,5.156178999999999846e+00,4.153240000000000265e-01,8.054899999999999560e-02,-4.400000000000000000e+01,3.750000000000000000e+02,6.540000000000000000e+02,1.070000000000000000e+02,2.907719999999999749e-01,2.716999999999999797e-03,5.520000000000000000e+02,-2.985189999999999788e-01,-5.410000000000000312e-04,7.200000000000000000e+01,-4.273808999999999969e+00,-1.684679799999999972e+01,-6.000000000000000000e+01,-3.960290000000000199e-01,6.599999999999999964e-03,1.130000000000000000e+02,5.699912000000000312e+00,5.044200000000000073e-02,6.000000000000000000e+01,3.960290000000000199e-01,6.599999999999999964e-03,1.661137000000000086e+01,8.414388800000000401e+01,-1.123223990000000043e+02,-4.174428530000000137e+02,0.000000000000000000e+00,2.391742610000000013e+02,6.087583200000000261e+01,3.839038099999999787e+01,2.439999999999999949e-04,-7.140000000000000079e-04,5.162937999999999583e+00,2.937100000000000266e-01,5.688800000000000107e-02,-7.000000000000000000e+00,3.770000000000000000e+02,6.590000000000000000e+02,1.200000000000000000e+01,1.100000000000000000e+01,1.200000000000000000e+01,0.000000000000000000e+00,0.000000000000000000e+00,8.000000000000000000e+01,1.100000000000000000e+02,9.000000000000000000e+01,2.000000000000000000e+01
1.360000000000000000e+02,4.292360000000000064e-01,3.155999999999999951e-03,5.240000000000000000e+02,-4.262759999999999883e-01,-8.140000000000000534e-04,6.700000000000000000e+01,-5.319517000000000273e+00,-1.259512900000000002e+01,-5.800000000000000000e+01,-9.427750000000000297e-01,1.625499999999999862e-02,1.180000000000000000e+02,-1.443735999999999908e+00,-1.223499999999999935e-02,5.800000000000000000e+01,9.427750000000000297e-01,1.625499999999999862e-02,3.672142999999999802e+01,1.148908189999999934e+02,-3.686200420000000122e+02,7.475950500000000432e+01,0.000000000000000000e+00,7.374380519999999706e+02,9.120097099999999557e+01,6.067301299999999742e+01,4.710000000000000102e-04,-1.129000000000000012e-03,5.158248999999999640e+00,4.274839999999999751e-01,8.287400000000000322e-02,-4.100000000000000000e+01,3.820000000000000000e+02,6.600000000000000000e+02,1.410000000000000000e+02,2.865539999999999754e-01,2.031999999999999952e-03,5.160000000000000000e+02,-2.945989999999999998e-01,-5.710000000000000015e-04,-6.200000000000000000e+01,6.858533000000000435e+00,-9.039834000000000813e+00,-5.600000000000000000e+01,-5.317610000000000392e-01,9.495999999999999233e-03,6.200000000000000000e+01,-6.858533000000000435e+00,-1.106209999999999971e-01,5.600000000000000000e+01,5.317610000000000392e-01,9.495999999999999233e-03,2.618266699999999858e+01,6.950146900000000016e+01,0.000000000000000000e+00,4.817396330000000262e+02,0.000000000000000000e+00,3.665088010000000054e+02,5.914977400000000074e+01,3.529052800000000190e+01,3.660000000000000059e-04,-9.669999999999999776e-04,5.162630000000000052e+00,2.891839999999999966e-01,5.601500000000000229e-02,-4.900000000000000000e+01,3.790000000000000000e+02,6.570000000000000000e+02,1.300000000000000000e+01,1.400000000000000000e+01,1.200000000000000000e+01,0.000000000000000000e+00,0.000000000000000000e+00,7.900000000000000000e+01,1.130000000000000000e+02,8.900000000000000000e+01,2.400000000000000000e+01
1.160000000000000000e+02,4.126059999999999728e-01,3.556999999999999832e-03,4.870000000000000000e+02,-4.090619999999999812e-01,-8.400000000000000348e-04,6.800000000000000000e+01,-1.352063999999999933e+00,-5.029349100000000305e+01,5.400000000000000000e+01,4.111841000000000079e+00,7.614500000000000435e-02,1.130000000000000000e+02,-1.414630000000000054e-01,-1.252000000000000075e-03,5.800000000000000000e+01,9.416579999999999950e-01,1.623499999999999943e-02,2.782002800000000065e+01,9.267305299999999590e+01,-1.194459030000000013e+02,-1.188792799999999943e+02,4.370399782000000414e+03,7.342979579999999942e+02,8.187605600000000550e+01,3.896839500000000100e+01,3.150000000000000131e-04,-1.348999999999999939e-03,5.156455000000000233e+00,4.090619999999999812e-01,7.932999999999999774e-02,-2.000000000000000000e+01,3.280000000000000000e+02,6.030000000000000000e+02,1.200000000000000000e+02,3.382660000000000111e-01,2.818999999999999891e-03,4.960000000000000000e+02,-3.414150000000000240e-01,-6.880000000000000265e-04,7.300000000000000000e+01,4.735860000000000070e-01,1.541431259999999952e+02,-6.200000000000000000e+01,-7.157729999999999926e-01,1.154499999999999971e-02,1.100000000000000000e+02,1.503235000000000099e+00,1.366599999999999933e-02,6.200000000000000000e+01,7.157729999999999926e-01,1.154499999999999971e-02,2.288954199999999872e+01,8.277967800000000409e+01,4.624228300000000047e+01,-1.995416999999999916e+02,0.000000000000000000e+00,5.534377070000000458e+02,6.770556200000000047e+01,3.730194099999999935e+01,4.679999999999999915e-04,-1.038999999999999993e-03,5.163148999999999766e+00,3.414150000000000240e-01,6.612500000000000322e-02,-2.000000000000000000e+01,3.390000000000000000e+02,6.160000000000000000e+02,1.200000000000000000e+01,1.000000000000000000e+01,1.100000000000000000e+01,0.000000000000000000e+00,0.000000000000000000e+00,8.000000000000000000e+01,1.180000000000000000e+02,9.200000000000000000e+01,2.600000000000000000e+01
1.120000000000000000e+02,4.118660000000000099e-01,3.677000000000000147e-03,5.260000000000000000e+02,-4.098010000000000264e-01,-7.789999999999999616e-04,6.900000000000000000e+01,-2.047636999999999929e+00,-3.369737500000000097e+01,5.400000000000000000e+01,3.854496000000000144e+00,7.137999999999999901e-02,1.080000000000000000e+02,2.502387999999999835e+00,2.316999999999999962e-02,6.000000000000000000e+01,8.867300000000000182e-01,1.477900000000000047e-02,2.586497900000000172e+01,1.071605579999999946e+02,-1.453510019999999940e+02,-3.617578639999999837e+02,4.122706124999999702e+03,6.855110710000000154e+02,8.123051599999999439e+01,5.193045800000000156e+01,3.359999999999999814e-04,-1.229000000000000058e-03,5.158370999999999817e+00,4.102370000000000183e-01,7.952800000000000147e-02,-1.400000000000000000e+01,3.650000000000000000e+02,6.380000000000000000e+02,1.260000000000000000e+02,3.504749999999999810e-01,2.782000000000000185e-03,5.130000000000000000e+02,-3.536960000000000104e-01,-6.890000000000000508e-04,7.600000000000000000e+01,-3.746586000000000194e+00,-2.028513399999999933e+01,5.700000000000000000e+01,3.162882000000000193e+00,5.548899999999999666e-02,1.070000000000000000e+02,5.642375000000000362e+00,5.273200000000000109e-02,6.300000000000000000e+01,7.097660000000000080e-01,1.126599999999999997e-02,2.478851600000000133e+01,8.776521499999999776e+01,2.609231099999999870e+01,-2.023906289999999899e+02,3.338710325999999895e+03,5.465425950000000057e+02,6.988749500000000126e+01,4.201688399999999746e+01,5.000000000000000104e-04,-1.080000000000000014e-03,5.161839999999999762e+00,3.523160000000000180e-01,6.825399999999999523e-02,-2.200000000000000000e+01,3.630000000000000000e+02,6.390000000000000000e+02,1.300000000000000000e+01,1.100000000000000000e+01,1.300000000000000000e+01,0.000000000000000000e+00,0.000000000000000000e+00,7.600000000000000000e+01,1.170000000000000000e+02,8.900000000000000000e+01,2.800000000000000000e+01
1.270000000000000000e+02,4.203999999999999959e-01,3.310000000000000008e-03,5.240000000000000000e+02,-4.195249999999999813e-01,-8.009999999999999542e-04,6.900000000000000000e+01,-2.235592000000000024e+00,-3.086430199999999857e+01,5.500000000000000000e+01,3.954870000000000108e+00,7.190699999999999870e-02,1.180000000000000000e+02,2.732699999999999907e+00,2.315800000000000150e-02,5.900000000000000000e+01,1.062343999999999955e+00,1.800600000000000117e-02,3.274608599999999825e+01,1.137851189999999946e+02,-3.518613299999999811e+01,-2.035410390000000120e+02,4.216223132000000078e+03,8.465051089999999476e+02,8.932972100000000637e+01,5.716275100000000009e+01,3.519999999999999908e-04,-1.126000000000000048e-03,5.159241999999999884e+00,4.196420000000000150e-01,8.133799999999999364e-02,-3.100000000000000000e+01,3.710000000000000000e+02,6.510000000000000000e+02,1.450000000000000000e+02,3.100820000000000243e-01,2.138000000000000143e-03,5.050000000000000000e+02,-3.122880000000000100e-01,-6.179999999999999513e-04,7.100000000000000000e+01,-4.214100000000000179e+00,-1.684820099999999954e+01,5.500000000000000000e+01,3.108864000000000072e+00,5.652499999999999886e-02,6.900000000000000000e+01,-8.626749999999999696e-01,-1.250300000000000022e-02,5.900000000000000000e+01,6.060010000000000119e-01,1.027100000000000062e-02,2.948776200000000003e+01,8.265708700000000420e+01,-3.806270899999999813e+01,3.547378620000000069e+02,3.301038826999999856e+03,4.411117960000000267e+02,6.801503300000000252e+01,4.370658900000000102e+01,1.920000000000000049e-04,-8.180000000000000422e-04,5.161671000000000120e+00,3.117530000000000023e-01,6.039800000000000030e-02,-4.800000000000000000e+01,3.660000000000000000e+02,6.500000000000000000e+02,1.200000000000000000e+01,1.200000000000000000e+01,9.000000000000000000e+00,0.000000000000000000e+00,0.000000000000000000e+00,8.000000000000000000e+01,1.170000000000000000e+02,9.300000000000000000e+01,2.400000000000000000e+01
1.270000000000000000e+02,4.203999999999999959e-01,3.310000000000000008e-03,5.240000000000000000e+02,-4.195249999999999813e-01,-8.009999999999999542e-04,6.900000000000000000e+01,-2.235592000000000024e+00,-3.086430199999999857e+01,5.500000000000000000e+01,3.954870000000000108e+00,7.190699999999999870e-02,1.180000000000000000e+02,2.732699999999999907e+00,2.315800000000000150e-02,5.900000000000000000e+01,1.062343999999999955e+00,1.800600000000000117e-02,3.274608599999999825e+01,1.137851189999999946e+02,-3.518613299999999811e+01,-2.035410390000000120e+02,4.216223132000000078e+03,8.465051089999999476e+02,8.932972100000000637e+01,5.716275100000000009e+01,3.519999999999999908e-04,-1.126000000000000048e-03,5.159241999999999884e+00,4.196420000000000150e-01,8.133799999999999364e-02,-3.100000000000000000e+01,3.710000000000000000e+02,6.510000000000000000e+02,1.450000000000000000e+02,3.100820000000000243e-01,2.138000000000000143e-03,5.060000000000000000e+02,-3.123230000000000173e-01,-6.170000000000000354e-04,7.100000000000000000e+01,-4.214100000000000179e+00,-1.684820099999999954e+01,5.500000000000000000e+01,3.108864000000000072e+00,5.652499999999999886e-02,6.900000000000000000e+01,-8.626749999999999696e-01,-1.250300000000000022e-02,5.900000000000000000e+01,6.060010000000000119e-01,1.027100000000000062e-02,2.948776200000000003e+01,8.267485600000000545e+01,-3.806270899999999813e+01,3.547378620000000069e+02,3.301038826999999856e+03,4.411117960000000267e+02,6.801503300000000252e+01,4.371944200000000080e+01,1.920000000000000049e-04,-8.180000000000000422e-04,5.161633000000000138e+00,3.117150000000000198e-01,6.039100000000000024e-02,-4.800000000000000000e+01,3.670000000000000000e+02,6.510000000000000000e+02,1.300000000000000000e+01,1.300000000000000000e+01,1.000000000000000000e+01,0.000000000000000000e+00,0.000000000000000000e+00,7.800000000000000000e+01,1.150000000000000000e+02,9.000000000000000000e+01,2.500000000000000000e+01
1.360000000000000000e+02,4.068229999999999902e-01,2.991000000000000169e-03,5.250000000000000000e+02,-4.057089999999999863e-01,-7.730000000000000326e-04,6.700000000000000000e+01,-9.215562000000000253e+00,-7.270311000000000412e+00,5.400000000000000000e+01,3.787453999999999876e+00,7.013800000000000590e-02,1.190000000000000000e+02,3.080297999999999981e+00,2.588499999999999829e-02,5.800000000000000000e+01,1.142011000000000109e+00,1.968999999999999917e-02,3.550060599999999766e+01,1.109243129999999979e+02,-3.068000410000000215e+02,1.119035300000000035e+02,4.047398447999999917e+03,9.389890540000000101e+02,8.752735900000000413e+01,5.889750800000000197e+01,3.730000000000000134e-04,-1.115000000000000106e-03,5.159232000000000262e+00,4.060549999999999993e-01,7.870499999999999718e-02,-4.200000000000000000e+01,3.820000000000000000e+02,6.610000000000000000e+02,1.370000000000000000e+02,3.393220000000000125e-01,2.477000000000000035e-03,5.230000000000000000e+02,-3.454749999999999766e-01,-6.610000000000000207e-04,7.000000000000000000e+01,-3.769938999999999929e+00,-1.856794000000000011e+01,5.400000000000000000e+01,2.980550000000000033e+00,5.519500000000000101e-02,1.230000000000000000e+02,5.917029999999999790e-01,4.811000000000000172e-03,5.800000000000000000e+01,1.209908999999999901e+00,2.086000000000000007e-02,2.850635400000000175e+01,8.622161900000000401e+01,-4.272939300000000173e+01,2.684222330000000056e+02,3.175497687000000042e+03,1.040279964000000064e+03,7.038637099999999691e+01,4.328694999999999737e+01,6.759999999999999516e-04,-1.020999999999999989e-03,5.163432000000000244e+00,3.427540000000000031e-01,6.638099999999999556e-02,-4.400000000000000000e+01,3.770000000000000000e+02,6.600000000000000000e+02,1.300000000000000000e+01,1.200000000000000000e+01,9.000000000000000000e+00,0.000000000000000000e+00,0.000000000000000000e+00,7.600000000000000000e+01,1.120000000000000000e+02,8.900000000000000000e+01,2.300000000000000000e+01
1.360000000000000000e+02,4.068229999999999902e-01,2.991000000000000169e-03,5.250000000000000000e+02,-4.057089999999999863e-01,-7.730000000000000326e-04,6.700000000000000000e+01,-9.215562000000000253e+00,-7.270311000000000412e+00,5.400000000000000000e+01,3.787453999999999876e+00,7.013800000000000590e-02,1.190000000000000000e+02,3.080297999999999981e+00,2.588499999999999829e-02,5.800000000000000000e+01,1.142011000000000109e+00,1.968999999999999917e-02,3.550060599999999766e+01,1.109243129999999979e+02,-3.068000410000000215e+02,1.119035300000000035e+02,4.047398447999999917e+03,9.389890540000000101e+02,8.752735900000000413e+01,5.889750800000000197e+01,3.730000000000000134e-04,-1.115000000000000106e-03,5.159232000000000262e+00,4.060549999999999993e-01,7.870499999999999718e-02,-4.200000000000000000e+01,3.820000000000000000e+02,6.610000000000000000e+02,1.370000000000000000e+02,3.393220000000000125e-01,2.477000000000000035e-03,5.240000000000000000e+02,-3.454160000000000008e-01,-6.589999999999999721e-04,7.000000000000000000e+01,-3.769938999999999929e+00,-1.856794000000000011e+01,5.400000000000000000e+01,2.980550000000000033e+00,5.519500000000000101e-02,1.230000000000000000e+02,5.917029999999999790e-01,4.811000000000000172e-03,5.800000000000000000e+01,1.209908999999999901e+00,2.086000000000000007e-02,2.850635400000000175e+01,8.619052499999999384e+01,-4.272939300000000173e+01,2.684222330000000056e+02,3.175497687000000042e+03,1.040279964000000064e+03,7.038637099999999691e+01,4.326457899999999768e+01,6.759999999999999516e-04,-1.020999999999999989e-03,5.163371999999999851e+00,3.426950000000000274e-01,6.636999999999999844e-02,-4.400000000000000000e+01,3.780000000000000000e+02,6.610000000000000000e+02,1.400000000000000000e+01,1.300000000000000000e+01,1.000000000000000000e+01,0.000000000000000000e+00,0.000000000000000000e+00,7.900000000000000000e+01,1.110000000000000000e+02,8.900000000000000000e+01,2.200000000000000000e+01
1.310000000000000000e+02,4.165670000000000206e-01,3.180000000000000101e-03,5.200000000000000000e+02,-4.145400000000000196e-01,-7.969999999999999654e-04,6.700000000000000000e+01,-2.283249000000000084e+00,-2.934414599999999851e+01,5.400000000000000000e+01,3.971595999999999904e+00,7.354800000000000226e-02,1.190000000000000000e+02,-1.193411999999999917e+00,-1.002899999999999972e-02,5.700000000000000000e+01,1.174452999999999969e+00,2.060400000000000079e-02,3.398831899999999706e+01,9.959862099999999430e+01,-1.979556809999999984e+02,-1.662374099999999899e+01,4.233693414999999732e+03,9.637097559999999703e+02,8.582914800000000355e+01,4.786734400000000278e+01,4.640000000000000027e-04,-1.281999999999999936e-03,5.157972000000000001e+00,4.145400000000000196e-01,8.036899999999999600e-02,-3.700000000000000000e+01,3.740000000000000000e+02,6.510000000000000000e+02,1.240000000000000000e+02,3.362269999999999981e-01,2.712000000000000001e-03,5.400000000000000000e+02,-3.405420000000000114e-01,-6.310000000000000504e-04,7.000000000000000000e+01,-1.188120999999999983e+00,-5.891656299999999646e+01,5.500000000000000000e+01,3.063562999999999814e+00,5.570100000000000051e-02,1.160000000000000000e+02,-1.206979999999999942e+00,-1.040499999999999932e-02,6.000000000000000000e+01,7.973409999999999664e-01,1.328900000000000046e-02,2.404486800000000102e+01,8.992231999999999914e+01,-1.993680510000000083e+02,-1.116379900000000021e+02,3.242635388000000148e+03,6.380387060000000474e+02,6.946363900000000058e+01,4.366287499999999966e+01,5.590000000000000351e-04,-9.389999999999999476e-04,5.164178999999999853e+00,3.404050000000000131e-01,6.591700000000000337e-02,-2.700000000000000000e+01,3.810000000000000000e+02,6.640000000000000000e+02,1.300000000000000000e+01,1.200000000000000000e+01,9.000000000000000000e+00,0.000000000000000000e+00,0.000000000000000000e+00,7.800000000000000000e+01,1.110000000000000000e+02,8.800000000000000000e+01,2.300000000000000000e+01
1.330000000000000000e+02,3.898030000000000106e-01,2.931000000000000012e-03,5.080000000000000000e+02,-3.825049999999999839e-01,-7.529999999999999801e-04,6.800000000000000000e+01,-8.090953999999999979e+00,-8.404448000000000363e+00,5.200000000000000000e+01,3.410757999999999956e+00,6.559199999999999753e-02,1.120000000000000000e+02,4.708931999999999896e+00,4.204399999999999804e-02,5.800000000000000000e+01,1.008040999999999965e+00,1.737999999999999962e-02,3.113733999999999824e+01,9.745848599999999351e+01,-2.592589679999999817e+02,-1.240029760000000039e+02,3.655473853999999847e+03,8.081062349999999697e+02,8.007139399999999796e+01,4.942408499999999805e+01,5.599999999999999509e-04,-1.136000000000000074e-03,5.154484000000000066e+00,3.842869999999999897e-01,7.455399999999999527e-02,-3.700000000000000000e+01,3.630000000000000000e+02,6.410000000000000000e+02,1.190000000000000000e+02,3.424920000000000186e-01,2.877999999999999916e-03,5.230000000000000000e+02,-3.361399999999999944e-01,-6.430000000000000169e-04,7.400000000000000000e+01,-4.071110000000000007e-01,-1.817686160000000086e+02,5.800000000000000000e+01,3.307754000000000083e+00,5.702999999999999736e-02,1.080000000000000000e+02,-5.549599999999999672e-02,-5.140000000000000254e-04,6.300000000000000000e+01,5.801739999999999675e-01,9.209000000000000172e-03,2.244848500000000158e+01,8.047656000000000631e+01,-5.821475499999999670e+01,-8.329619499999999732e+01,3.472939394999999877e+03,4.114119239999999991e+02,6.656434299999999382e+01,3.719807699999999784e+01,2.139999999999999975e-04,-1.118999999999999986e-03,5.156263000000000041e+00,3.387560000000000016e-01,6.569800000000000639e-02,-1.300000000000000000e+01,3.640000000000000000e+02,6.420000000000000000e+02,1.400000000000000000e+01,1.300000000000000000e+01,1.500000000000000000e+01,0.000000000000000000e+00,0.000000000000000000e+00,7.900000000000000000e+01,1.120000000000000000e+02,8.900000000000000000e+01,2.300000000000000000e+01
1.240000000000000000e+02,4.612510000000000221e-01,3.720000000000000216e-03,5.170000000000000000e+02,-4.556040000000000090e-01,-8.809999999999999472e-04,6.900000000000000000e+01,-3.122060999999999975e+00,-2.210078400000000087e+01,5.700000000000000000e+01,4.245828000000000380e+00,7.448799999999999866e-02,1.150000000000000000e+02,2.190209999999999990e+00,1.904499999999999943e-02,5.900000000000000000e+01,1.171087999999999907e+00,1.984899999999999859e-02,3.422397099999999881e+01,1.246979890000000069e+02,-1.432959480000000099e+02,-2.202736120000000142e+02,4.494145577999999659e+03,9.186688420000000406e+02,9.724757300000000271e+01,6.236331899999999706e+01,3.600000000000000227e-04,-1.258999999999999920e-03,5.155521000000000242e+00,4.567720000000000113e-01,8.859899999999999720e-02,-2.700000000000000000e+01,3.610000000000000000e+02,6.410000000000000000e+02,1.180000000000000000e+02,3.512500000000000067e-01,2.977000000000000045e-03,5.220000000000000000e+02,-3.584080000000000044e-01,-6.870000000000000022e-04,7.000000000000000000e+01,2.427024999999999988e+00,2.884189399999999992e+01,5.600000000000000000e+01,3.121785000000000032e+00,5.574599999999999694e-02,1.140000000000000000e+02,-2.430844000000000005e+00,-2.132300000000000167e-02,6.100000000000000000e+01,6.488439999999999763e-01,1.063700000000000062e-02,2.352709799999999873e+01,1.136468430000000041e+02,-1.112141999999999964e+00,-6.220973800000000153e+01,3.295422656000000188e+03,4.833229580000000283e+02,7.718910099999999375e+01,5.868386799999999681e+01,3.510000000000000208e-04,-6.329999999999999906e-04,5.164559999999999818e+00,3.558100000000000152e-01,6.889499999999999791e-02,-1.700000000000000000e+01,3.560000000000000000e+02,6.400000000000000000e+02,1.200000000000000000e+01,1.200000000000000000e+01,9.000000000000000000e+00,0.000000000000000000e+00,0.000000000000000000e+00,8.000000000000000000e+01,1.130000000000000000e+02,9.100000000000000000e+01,2.200000000000000000e+01
1.240000000000000000e+02,4.057520000000000016e-01,3.272000000000000169e-03,5.210000000000000000e+02,-4.037149999999999905e-01,-7.749999999999999728e-04,6.800000000000000000e+01,-6.405408999999999686e+00,-1.061602800000000002e+01,5.400000000000000000e+01,3.927805000000000213e+00,7.273699999999999610e-02,1.170000000000000000e+02,3.536849999999999827e+00,3.022899999999999893e-02,5.800000000000000000e+01,1.208960999999999952e+00,2.084400000000000142e-02,3.096792400000000001e+01,1.016385010000000051e+02,-1.815407089999999926e+02,-4.310567600000000255e+01,4.203423872999999730e+03,1.023090918999999985e+03,8.498587600000000464e+01,4.775032999999999817e+01,4.690000000000000158e-04,-1.195000000000000099e-03,5.158656999999999826e+00,4.044090000000000185e-01,7.839400000000000535e-02,-3.100000000000000000e+01,3.680000000000000000e+02,6.450000000000000000e+02,1.130000000000000000e+02,2.963020000000000098e-01,2.622000000000000199e-03,5.310000000000000000e+02,-3.026730000000000254e-01,-5.699999999999999772e-04,7.700000000000000000e+01,2.862322999999999951e+00,2.690122699999999867e+01,6.000000000000000000e+01,2.950387000000000093e+00,4.917300000000000143e-02,1.130000000000000000e+02,-3.053344000000000058e+00,-2.702099999999999988e-02,6.400000000000000000e+01,7.471430000000000016e-01,1.167400000000000035e-02,1.832464799999999983e+01,8.038923900000000344e+01,4.064023999999999859e+00,-7.603786999999999630e+00,3.123927364000000125e+03,5.983134219999999459e+02,5.991706099999999680e+01,3.753204999999999814e+01,3.240000000000000150e-04,-8.159999999999999936e-04,5.163483000000000267e+00,2.997850000000000237e-01,5.805899999999999950e-02,-1.100000000000000000e+01,3.560000000000000000e+02,6.440000000000000000e+02,1.300000000000000000e+01,1.100000000000000000e+01,4.000000000000000000e+00,0.000000000000000000e+00,0.000000000000000000e+00,8.000000000000000000e+01,1.120000000000000000e+02,9.000000000000000000e+01,2.200000000000000000e+01
1.240000000000000000e+02,4.057520000000000016e-01,3.272000000000000169e-03,5.210000000000000000e+02,-4.037149999999999905e-01,-7.749999999999999728e-04,6.800000000000000000e+01,-6.405408999999999686e+00,-1.061602800000000002e+01,5.400000000000000000e+01,3.927805000000000213e+00,7.273699999999999610e-02,1.170000000000000000e+02,3.536849999999999827e+00,3.022899999999999893e-02,5.800000000000000000e+01,1.208960999999999952e+00,2.084400000000000142e-02,3.096792400000000001e+01,1.016385010000000051e+02,-1.815407089999999926e+02,-4.310567600000000255e+01,4.203423872999999730e+03,1.023090918999999985e+03,8.498587600000000464e+01,4.775032999999999817e+01,4.690000000000000158e-04,-1.195000000000000099e-03,5.158656999999999826e+00,4.044090000000000185e-01,7.839400000000000535e-02,-3.100000000000000000e+01,3.680000000000000000e+02,6.450000000000000000e+02,1.130000000000000000e+02,2.963020000000000098e-01,2.622000000000000199e-03,5.310000000000000000e+02,-3.026730000000000254e-01,-5.699999999999999772e-04,7.700000000000000000e+01,2.862322999999999951e+00,2.690122699999999867e+01,6.000000000000000000e+01,2.950387000000000093e+00,4.917300000000000143e-02,1.130000000000000000e+02,-3.053344000000000058e+00,-2.702099999999999988e-02,6.400000000000000000e+01,7.471430000000000016e-01,1.167400000000000035e-02,1.832464799999999983e+01,8.038923900000000344e+01,4.064023999999999859e+00,-7.603786999999999630e+00,3.123927364000000125e+03,5.983134219999999459e+02,5.991706099999999680e+01,3.753204999999999814e+01,3.240000000000000150e-04,-8.159999999999999936e-04,5.163437000000000054e+00,2.997400000000000064e-01,5.804999999999999744e-02,-1.100000000000000000e+01,3.560000000000000000e+02,6.440000000000000000e+02,1.400000000000000000e+01,1.200000000000000000e+01,5.000000000000000000e+00,0.000000000000000000e+00,0.000000000000000000e+00,7.900000000000000000e+01,1.120000000000000000e+02,9.000000000000000000e+01,2.200000000000000000e+01
